date_bimonth,1,2,3,4,5,6,7,8,9,10,11,12,13,14,15,16,17,18,19,20,21,22,23,24,25,26,27,28,29,30,31,32,33,34,35,36,37,38,39,40,41,42,43,44,45,46,47,48,49,50,51,52,53,54,55,56,57,58,59,60,61,62,63,64,65,66,67,68,69,70,71,72,73,74,75,76,77,78,79,80,81,82,83,84,85,86,87,88,89,90,91,92,93,94,95,96,97,98,99,100,101,102,103,104,105,106,107,108,109,110,111,112,113,114,115,116,117,118,119,120,121,122,123,124,125,126,127,128,129,130,131,132,133,134,135,136,137,138,139,140,141,142,143,144,145,146,147,148,149,150,151,152,153,154,155,156,157,158,159,160,161,162,163,164,165,166,167,168,169,170,171,172,173,174,175,176,177,178,179,180,181,182,183,184,185,186,187,188,189,190,191,192,193,194,195,196,197,198,199,200,201,202,203,204,205,206,207,208,209,210,211,212,213,214,215,216,217,218,219,220,221,222,223
2016-04-15,,,,,,,,,,0.09090909090909091,,,,,,,0.030303030303030304,,0.12121212121212122,,0.030303030303030304,,,0.09090909090909091,,,,0.030303030303030304,,,,,,,,,,,,,,,,,,0.030303030303030304,0.030303030303030304,,,,,,,,,,,0.030303030303030304,,0.030303030303030304,,0.06060606060606061,,,,,0.030303030303030304,,0.06060606060606061,,,,,0.030303030303030304,,,,,0.06060606060606061,,,,,0.030303030303030304,0.030303030303030304,,,0.030303030303030304,,,,,,,,,,,,0.030303030303030304,,,,,0.030303030303030304,,,,,,,,,,,,,,,,,,,,,,,,,,,,,,,,,,,,,,,,,0.030303030303030304,,,,,0.030303030303030304,,,,,,0.030303030303030304,,,,,,,,,,,,,,,,,,,,,,,,,,,,,,,,,,,,,,,,,,,,,,,,,,,,,,,,,,,,,,,,,,
2016-04-30,,,,,,,0.07142857142857142,,,,,,,,0.07142857142857142,0.07142857142857142,,,0.03571428571428571,,,,,0.03571428571428571,,,,,,0.03571428571428571,,,,,,,,,0.07142857142857142,,,,0.07142857142857142,,,,0.03571428571428571,,,,,,,,,,,0.03571428571428571,,,,0.07142857142857142,,,,,0.07142857142857142,,0.10714285714285714,,,,,,,,,,0.03571428571428571,,,,,,,,,,,,,,,,,,,,,,,,,,0.03571428571428571,,,,,,,,,,,,,,,,,,,,,,,,,,,,,,,,,,,,,,,,,,,,,,0.03571428571428571,,,,,,0.03571428571428571,,,,,,0.03571428571428571,,,,,,,,,,,,,,,,,,,,,,,,,,,,,,,,,,,,,,,,0.03571428571428571,,,,,,,,,,,,,,,,,,,,
2016-05-15,,,,0.07692307692307693,,,0.02564102564102564,0.07692307692307693,,,,,,0.10256410256410256,,,,,,,,,,0.02564102564102564,,,,,,,,,,,,,,,,,,,,,,,,,,,,,,,0.07692307692307693,0.05128205128205128,,,0.02564102564102564,,,,,,,0.02564102564102564,0.07692307692307693,,,,,,,,,0.02564102564102564,,,,,,,,,,,,,,,,,,,,,,,,0.02564102564102564,,,,,,,,,,,,,,,,,,,,,,0.02564102564102564,,,,,,,0.02564102564102564,,,,,,,,,,,,,,,,,,,,,,0.02564102564102564,0.2564102564102564,,,,,,,,,,,,,,,,,,,,,,,,,,,,,,,,,,,,,0.05128205128205128,,,,,,,,,,,,,,,,,,,,,,,,,,,,,,,,,,
2016-05-31,,,,0.07142857142857142,,,0.023809523809523808,0.07142857142857142,,,0.023809523809523808,,,,,,,,0.023809523809523808,,0.023809523809523808,,,0.023809523809523808,0.023809523809523808,,,,,,,,,,,,,,,,0.023809523809523808,,,,0.047619047619047616,,,,,,,,,,,,,,,0.023809523809523808,,,,,,,0.09523809523809523,,,,,,,,,0.047619047619047616,,,,,,,,,,,,0.023809523809523808,,,,,,,,,,,,,,,,,,,,,,,,,,,,,,,,,,,,,,,,,0.11904761904761904,,,,,,,,,,,,,,,,,,,,,,,0.19047619047619047,,,,,,,,,,,,,,,,,,,,0.047619047619047616,,,,,,,,,,,,,,,,,0.07142857142857142,,,,,,,,,0.023809523809523808,,,,,,,,,,,,,,,,,,,,,,,,,
2016-06-15,,,0.03571428571428571,0.14285714285714285,,,,,0.03571428571428571,,,,,,,0.03571428571428571,,,0.07142857142857142,0.07142857142857142,,,,0.07142857142857142,,,,0.07142857142857142,,,,,,,,,,,0.07142857142857142,,,,,0.14285714285714285,,,,,,,,,,,,,,,,,,,,,,,,,,,,0.03571428571428571,,,,,,,,,0.07142857142857142,0.03571428571428571,,,0.03571428571428571,,,,,,,0.07142857142857142,,,,,,,,,,,,,,,,,,,,,,,,,,,,,,,,,,,,,,,,,,,,,,,,,,,,,,,,,,,,,,,,,,,,,,,,,,,,,,,,,,,,,,,,,,,,,,,,,,,,,,,,,,,,,,,,,,,,,,,,,,,,,,,,,,,
2016-06-30,,,,0.05405405405405406,,,0.02702702702702703,,0.02702702702702703,,,,,,,0.05405405405405406,,0.02702702702702703,0.08108108108108109,0.02702702702702703,,,,0.08108108108108109,0.02702702702702703,0.02702702702702703,,,,,,,0.02702702702702703,0.02702702702702703,,,,,0.02702702702702703,0.02702702702702703,,,,0.02702702702702703,,,,,,,0.02702702702702703,,,,0.02702702702702703,,,,0.02702702702702703,,,,,,,,,,,0.02702702702702703,,0.05405405405405406,,,,,,,,,0.02702702702702703,,,,,,,,,,,0.13513513513513514,,,,,,,,,,,,,,,,,,,,,,,,,,,,,,,,,,,,,,,,,,,,,,,,,,,,,,,,,,,,,,,,,,,,,,,,,0.08108108108108109,,,,,,,,,,,,,,,,,,,,,,,,,,,,,,,,0.02702702702702703,,,,,,,,,,,,,,,,,,,,,,,,,,
2016-07-15,0.027777777777777776,,,0.16666666666666666,,,,,,,,,,,0.1388888888888889,0.027777777777777776,,0.027777777777777776,,0.08333333333333333,,,,0.05555555555555555,0.027777777777777776,,,,,,,,,,,0.027777777777777776,,,,,,,,,,,,,,,,,,,0.05555555555555555,,,,0.05555555555555555,,,,,,,,0.027777777777777776,,,0.027777777777777776,,,,,,,,,,,,,,,,,,,,0.027777777777777776,,,,,,,,,,,,,,,,,,,,,,,,,,,,,,,,,,,,,,,,,,,,,,,,,0.027777777777777776,,,,,,,,,,,,,,,0.027777777777777776,,,0.08333333333333333,,,,,,0.027777777777777776,,,,,,,0.05555555555555555,,,,,,,,,,,,,,,,,,,,,,,,,,,,,,,,,,,,,,,,,,,,,,,,,,,,,
2016-07-31,0.047619047619047616,,,0.23809523809523808,,,,,,0.023809523809523808,,,,,0.11904761904761904,,,,,0.023809523809523808,,,,,0.023809523809523808,,,,,,0.023809523809523808,,,,,,,,,,,,,,0.023809523809523808,,0.09523809523809523,,,,,,,,,,,,0.047619047619047616,,,0.047619047619047616,,,,,0.023809523809523808,,0.023809523809523808,,,,,,,,,0.023809523809523808,,,,,0.023809523809523808,,0.023809523809523808,,,,0.023809523809523808,,,,,,,,,,,,,,,,,,,,,,,,,,,,,,,,,,,,,,,,,,,,,,,,,,,,,,,,0.023809523809523808,,,,,,,,,0.047619047619047616,,,0.023809523809523808,,,,,0.023809523809523808,,,,,,,,0.023809523809523808,,,,,,,,,,,,,,,,,,,,,,,,,,,,,,,,,,,,,,,,,,,,,,,,,,,,,
2016-08-15,,,,0.05405405405405406,0.02702702702702703,,,0.02702702702702703,,0.08108108108108109,0.10810810810810811,0.05405405405405406,0.02702702702702703,,,,,,0.10810810810810811,0.02702702702702703,,,,,,0.02702702702702703,,0.10810810810810811,,,,,,,,,,,,0.05405405405405406,,,0.02702702702702703,,,,,,,,,,,,,,,,,,,,,,,,0.02702702702702703,,,0.08108108108108109,,,,,0.02702702702702703,,,,,,,,,,,,,,,,,,,,,,,,,,,0.02702702702702703,,,,,,,,,,,,,,,,,0.02702702702702703,,,,,,,,,0.05405405405405406,,,,,,,,,,,,,,,,,,,,,,,,,,,,,,,,,,,,,,,,,0.02702702702702703,,,,,,,,,,,,,,,,,,,,,,,,,,,,,,,,,,,,,,,,,,,,,,,,,,,,,,
2016-08-31,,,,0.058823529411764705,,,,0.058823529411764705,,0.11764705882352941,,0.08823529411764706,,,,,,,0.029411764705882353,,,,,,,,,0.20588235294117646,0.058823529411764705,,,,,,,,,,,0.058823529411764705,,,0.029411764705882353,,,0.029411764705882353,0.029411764705882353,,,,,0.029411764705882353,,,,,,0.029411764705882353,,,,,,,,,,,,0.029411764705882353,,,,,,,,,0.029411764705882353,,,,,,,,,,,,0.029411764705882353,,,,,,,,,,,,,,,,,,,,,,,,,,,,,,,,,,,,,,,,,,,,,,,,,,,,,,,,,,,,,,,,,,,,,,,,,,,,,,0.029411764705882353,0.029411764705882353,,,,,,,,,,,,,,,,,,,,,,,,,,,,,,,,,,,,,,,,,,,,,,0.029411764705882353,,,,,,,
2016-09-15,,,,,,,,0.08695652173913043,,,,,,,,,,,,0.08695652173913043,,0.043478260869565216,,0.043478260869565216,0.08695652173913043,,,0.043478260869565216,,,,,,,,,,,,,,,,,,,0.08695652173913043,,,,,,,,0.043478260869565216,,,,,0.043478260869565216,,,,,,,,,,,,,,,,,,,,,,,,,,,,,,,,,0.13043478260869565,,,,,,,,,,,,,0.08695652173913043,,,,,,,,,,,,,,,,,,,,,,,0.13043478260869565,,,,,,,,,,0.043478260869565216,,,,,,,,,,,,,,,,,,,,,,,,,,,,,0.043478260869565216,,,,,,,,,,,,,,,,,,,,,,,,,,,,,,,,,,,,,,,,,,,,,,,,,,,,,,,
2016-09-30,,,,,,,0.125,,,0.125,0.0625,,,,,,,,,0.125,,,,,0.0625,,,0.125,,0.0625,,,,,,,,,,,,,,0.0625,0.0625,,,,,,,,,,,,,,,0.125,,,,,,,,,,,,,,,,,,,,,,,,,,,,,,,,,,,,,,,,,,,,,,,,,,,,,,,,,,,,,,,,,,,,,,,,,,,,,,,,,,,,,,,,,,,,,,,,,,,,,,,,,,,,,,,,,,,,,,,,,,,,,,,,,,,,,,,0.0625,,,,,,,,,,,,,,,,,,,,,,,,,,,,
2016-10-15,,,,,,,0.02702702702702703,0.08108108108108109,,,,,,,,,,,0.02702702702702703,0.05405405405405406,,,,,0.02702702702702703,,,0.10810810810810811,,0.02702702702702703,,,,,,0.02702702702702703,0.05405405405405406,0.05405405405405406,,,,,0.02702702702702703,,0.02702702702702703,,0.02702702702702703,,,,,0.02702702702702703,,,,,,,,0.05405405405405406,,,,,,,0.02702702702702703,,0.02702702702702703,0.08108108108108109,0.02702702702702703,,,,0.02702702702702703,,,,,,,,,,,,,,,,,,,,,,,,,,,,,,,,,,,,,,,,,,,,,,,,,,,,,,,,,,,0.02702702702702703,,,,0.02702702702702703,0.05405405405405406,,,,,,,,,,,0.02702702702702703,,,,,,,,,,,,,,,,,,,,,,,,,,,,,,,,,,,,,,,,,,,,,,,,,,,,,,,,,0.02702702702702703,,,,,,,,,,,,,,,,
2016-10-31,,,,,,0.029411764705882353,0.029411764705882353,0.029411764705882353,,,0.029411764705882353,0.029411764705882353,,,,0.029411764705882353,,,,0.08823529411764706,,,,,0.029411764705882353,,,0.058823529411764705,,,,,,,,,0.14705882352941177,,,0.029411764705882353,0.029411764705882353,0.029411764705882353,,,,,,,,,,0.029411764705882353,,,,,,,,,,,0.029411764705882353,,,,0.058823529411764705,,0.029411764705882353,,,,,,0.029411764705882353,,,,,,,,,,,0.029411764705882353,0.029411764705882353,,0.058823529411764705,,,,,,,,,,,,,,,,,,,,,,,,,,,,,,,,,,,,,,,,,,,,,,,,,,,,,,,,,,,,,0.029411764705882353,,,,,,,,,,,,,,,,,,,0.058823529411764705,,,,,,,,,,,,,,,,,,,,,,,0.029411764705882353,,,,,,,,,,,,,,,,,,,,,,,,,,,,,,,
2016-11-15,,,,0.02857142857142857,,,0.02857142857142857,,,,0.02857142857142857,,,,0.05714285714285714,,,,0.02857142857142857,0.05714285714285714,,,0.02857142857142857,,0.14285714285714285,,,,,,,0.02857142857142857,,,,,,,,,,,,,,,,,,,,,,,0.02857142857142857,,,,,0.05714285714285714,0.05714285714285714,,,,,,,0.02857142857142857,,,,,,,,,,,,,,,,,,,,,,,0.05714285714285714,,,,,,,,0.02857142857142857,0.02857142857142857,,,,,0.02857142857142857,,,,,,,,,,,,,,,,,,,,,,0.02857142857142857,,,,,,,,,,,,,,,,,,0.02857142857142857,,,,0.05714285714285714,,,,0.02857142857142857,,,,,,0.02857142857142857,,,,,,,,,,,,,0.02857142857142857,,,,,,,,,,,,,,,,,0.05714285714285714,,,,,,,,,,,,,,,,,,,,,,,,,,,,,,,,,,
2016-11-30,,,,,,,0.07692307692307693,0.038461538461538464,,,,,,,0.07692307692307693,0.07692307692307693,,,0.038461538461538464,0.11538461538461539,,,0.038461538461538464,,0.07692307692307693,,,,,,,0.038461538461538464,,,,,,,,,,,,,,,,,,,,,,,,,,,,,0.038461538461538464,,,,,,,0.038461538461538464,,,,,,,,,,,,,,,,,,,,,,,,,,,,,,,,,,,,,,,,,,,,,,,,,,,,0.038461538461538464,,,,,,,,,,,,,,,,,,,,,,,,,0.038461538461538464,,,,,,,,0.07692307692307693,,,,,,,,,,,0.038461538461538464,,,,,,,,0.038461538461538464,,,,,,,,,,,,,,,,,0.07692307692307693,,,,,,,,0.038461538461538464,,,,,,,,,,,,,,,,,,,,,,,,,,
2016-12-15,,,,0.19047619047619047,,,,0.07142857142857142,,0.047619047619047616,,,0.023809523809523808,,,,,,,,,,,0.047619047619047616,,,,0.047619047619047616,,,,,,,,,,,,,,,,0.023809523809523808,,,,,,,,,,,,,,,,0.023809523809523808,,,,,,0.023809523809523808,0.023809523809523808,,,,,,,,,,,0.023809523809523808,,0.023809523809523808,,,,,,,,0.14285714285714285,,,,,,,,,,,,,,,,,,,,,,,0.023809523809523808,,,,,,,,0.047619047619047616,,,,,,,,,,,,,,,,,,,,,,,,,,,0.023809523809523808,,,,,,0.023809523809523808,,,,,,,,,,,,,,,,,,,,,0.023809523809523808,,,,,0.14285714285714285,,,,,,,,,,,,,,,,,,,,,,,,,,,,,,,,,,,,,,,,,,,,,
2016-12-31,,,,0.2222222222222222,,,,0.07407407407407407,0.018518518518518517,0.09259259259259259,,,,,,,,,,0.018518518518518517,,,0.037037037037037035,0.05555555555555555,0.018518518518518517,,,0.037037037037037035,,,,,,,,0.018518518518518517,,,,,,,,,,,,,,,,,,,,,,,0.037037037037037035,0.018518518518518517,,,,,,0.018518518518518517,,,,,,,,,,,,0.018518518518518517,,0.037037037037037035,,,,,,,,0.037037037037037035,,,,,,,,,,,,,,,,,,,,,,,0.037037037037037035,,,,,,,,0.07407407407407407,,,,,,,,,,,,,,,,,,,,,,,,,,,,,,,,,,,,,,,,,,,,,,,,,,,,,,0.037037037037037035,,,,,0.018518518518518517,,,,,0.018518518518518517,,,,,0.018518518518518517,,,,,,,,,,0.018518518518518517,,0.018518518518518517,,,,,,,,,,,,,,,,,,,,,,,
2017-01-15,,,,,,,,0.04878048780487805,,0.024390243902439025,0.024390243902439025,,0.04878048780487805,,,,,,,0.17073170731707318,,,,0.04878048780487805,,0.024390243902439025,,0.07317073170731707,,,,0.17073170731707318,,,,,,,,,,,,,,,,,,,,,0.0975609756097561,,,,,,0.024390243902439025,,0.07317073170731707,,,,,,0.04878048780487805,,,0.07317073170731707,,,,,,0.024390243902439025,,,,,,,,,,,,,,,,,,,,,,,,,,,,,,,,,,,,,,,,,,,,,,,,,,,,,0.024390243902439025,,,,,,,,,,,,,,,,,,,,,,,,,,,,,,,,,,,,,,,,,,,,,,,,,,,,,,,,,,,,,,,,,,,,,,,,,,,,,,,,,,,,,,,,,,,,,,
2017-01-31,,,,,,,,0.13043478260869565,,0.021739130434782608,,,0.06521739130434782,,,,,,,0.043478260869565216,,,,0.043478260869565216,,,,0.043478260869565216,,,,0.2391304347826087,,,,,,,,,,,,,,,0.021739130434782608,,,,,,0.043478260869565216,,,,,,0.021739130434782608,0.043478260869565216,0.043478260869565216,,,,,,0.10869565217391304,,,0.043478260869565216,,,,,,,,,,,,,,,,,,,,,,,,,,,,,,,,,,,,,,,,,,,,,,,,,,,,,,,,,,,0.021739130434782608,,,,,,,,,,,,,,,,,,,,,,,,,,,,,,,0.021739130434782608,,,,,,,,,,,,0.043478260869565216,,,,,,,,,,,,,,,,,,,,,,,,,,,,,,,,,,,,,,,,,,,,,,,,,,,
2017-02-15,,,,0.14285714285714285,,,,0.02857142857142857,,0.02857142857142857,0.02857142857142857,,,0.02857142857142857,,,,0.02857142857142857,0.02857142857142857,0.11428571428571428,,,,0.02857142857142857,0.02857142857142857,,,0.11428571428571428,,,,0.05714285714285714,,,,,,,,,,,0.02857142857142857,,,,0.05714285714285714,,,,0.02857142857142857,,,,0.05714285714285714,,,,,,,,,,,,0.02857142857142857,,0.02857142857142857,,,,,,,,,,,,,,,,0.02857142857142857,,,0.05714285714285714,,,,,,,,,,,,,,,,,,,,,,,,,,,,,,,,,,,,,,,,,,,,,,,,,,,,,,,,,,,0.02857142857142857,,,,,,,,,,,,,,,,,,,,,,,,,,,,,,,,,,,,,,,,,,,,,,,,,,,,,,,,,,,,,,,,,,,,,,,,,,,,
2017-02-28,,,0.05714285714285714,0.02857142857142857,,,0.08571428571428572,0.02857142857142857,,0.08571428571428572,,,,,,,,,,0.11428571428571428,,,,,,,,0.05714285714285714,,,,0.05714285714285714,,,,,,,,,,,,0.02857142857142857,,,0.02857142857142857,,,,,,,,0.02857142857142857,,,,0.02857142857142857,,,,,,,,,,0.14285714285714285,0.02857142857142857,,,,,,,,,,,,,,,0.08571428571428572,,,0.02857142857142857,,,,,,,0.02857142857142857,,,,,,,,,,,,,,,,,,,,,,,,,,,,,,,,,,,,,,,,,,,,0.02857142857142857,,,,,,,,0.02857142857142857,,,,,,,,,,,,,,,,,,,,,,,,,,,,,,,,,,,,,,,,,,,,,,,,,,,,,,,,,,,,,,,,,,,,,,,,,,,,
2017-03-15,,,,0.034482758620689655,,,0.034482758620689655,0.10344827586206896,0.034482758620689655,,,,,,0.034482758620689655,0.034482758620689655,,0.034482758620689655,,,,,,0.034482758620689655,,,,,,,,,,,,,0.034482758620689655,,,,,,,,,,,,,,,,,,,,,,,0.10344827586206896,,,,,,,0.06896551724137931,,,0.13793103448275862,,,,,,,,,,,,,,,,,,0.10344827586206896,,,,,,,,,,,,,,,,,,,,,,,,,,,,,,,,,,,,,,,,,,,,,,,,,,,,,,,,,,,,,,,,,,,,,,,,,,,,,,0.06896551724137931,,,,,,,,,,,,0.034482758620689655,,,,,,,,,0.034482758620689655,,,,,,,,,,,,,,,,,,,,,,,,,,,,,,,,,0.06896551724137931,,,
2017-03-31,,,,0.02857142857142857,,,0.02857142857142857,0.08571428571428572,,,,,,,,0.02857142857142857,,,,,,,,0.05714285714285714,0.02857142857142857,,,,,0.02857142857142857,,,,,,,,0.05714285714285714,,,,,0.02857142857142857,,,,,,,,,0.02857142857142857,,,,,,,,0.11428571428571428,,,,,,,0.05714285714285714,0.02857142857142857,,,,,,,,,,0.05714285714285714,,,0.02857142857142857,0.02857142857142857,,,,,,0.05714285714285714,,,,,,,0.02857142857142857,,,,,,,,,,,,,,,,,,,,,,,,,,,,,,,,,,,,,,,,,,,,,,,,,,,,0.02857142857142857,,,,,,,,,,,,,,,,,,,0.05714285714285714,,,,,,,,,,,,,,,,,,,,,0.05714285714285714,,,,,,,,,,,,,,,,,,,,,,,,,,,,,,,,,0.05714285714285714,,,
2017-04-15,,,,0.04411764705882353,,,,0.029411764705882353,,0.08823529411764706,,,,,,,0.029411764705882353,,,,0.014705882352941176,,,0.1323529411764706,,0.014705882352941176,,0.029411764705882353,,,,,,,,,,,,,,,0.014705882352941176,,,0.014705882352941176,0.058823529411764705,,,,,,,,,,0.029411764705882353,,0.014705882352941176,0.029411764705882353,,0.04411764705882353,,,,,0.04411764705882353,,,,,,,0.014705882352941176,,,,,0.029411764705882353,,,,0.014705882352941176,0.014705882352941176,0.014705882352941176,,,0.029411764705882353,,0.029411764705882353,,,,,,,,,,0.07352941176470588,,,,,0.014705882352941176,,,,,,,,,,,,,,,,,,,,,,,,,,,,,,,,,,,,,,,,,0.014705882352941176,,0.014705882352941176,,,0.04411764705882353,,,,,,0.029411764705882353,,,,,,,,,,,,,,,,,,,,,,,,,,,,,,,,,,,,,,,,0.014705882352941176,,,,,,,,,,,,,,,,,,0.014705882352941176,,,,,,,,
2017-04-30,,,,0.0945945945945946,,,0.04054054054054054,0.05405405405405406,,0.013513513513513514,,,,,0.02702702702702703,0.08108108108108109,,,,,,,,0.14864864864864866,,,,0.0945945945945946,,0.013513513513513514,,,,,,,0.013513513513513514,,0.02702702702702703,,,,0.02702702702702703,,,,0.013513513513513514,,,,,,,,,,0.013513513513513514,,,0.013513513513513514,,0.05405405405405406,,,,,0.06756756756756757,,,,,,,,,,,,0.02702702702702703,,,,,,0.02702702702702703,,,,,0.013513513513513514,,,,,,,,,,0.013513513513513514,,,,,0.013513513513513514,,,,,,,,,,,,,,,,,,,,,,,,,,,,,,,,,,,,,,,,,,,,,,0.013513513513513514,,,,,,0.04054054054054054,,,,,0.013513513513513514,0.013513513513513514,,,,,,,,,,,,,,,,,,,,,,,,,,0.013513513513513514,,,,,,,,,,,,,,,0.013513513513513514,,,,,,,,,,,,,,,,,,,
2017-05-15,,,0.012195121951219513,0.0975609756097561,,,0.04878048780487805,0.08536585365853659,,,0.012195121951219513,,0.012195121951219513,0.04878048780487805,,,,,,,,,,0.012195121951219513,0.024390243902439025,,,0.012195121951219513,,,,,,,,,,,,,,,,,,,,,,,,,,,0.04878048780487805,0.012195121951219513,,,0.024390243902439025,,,,,,,0.012195121951219513,0.036585365853658534,,,,,,,,,,,,,,,,,,,,,0.012195121951219513,,,,,,,,0.012195121951219513,,,,0.012195121951219513,,,,,,,,0.06097560975609756,0.012195121951219513,,,,,,,,,,,,,0.012195121951219513,,,,,,,0.012195121951219513,,,,,,,,,0.012195121951219513,,,,,,,,,,,,,0.012195121951219513,0.2682926829268293,,,,,,,,,,,,,,,,,,,,,,,,,,,0.024390243902439025,,,,,,,,,0.012195121951219513,0.024390243902439025,,,,,,,,,,,,,0.012195121951219513,,,,,,,,,,,,,,,,,,,,,
2017-05-31,,,0.011494252873563218,0.034482758620689655,,,0.034482758620689655,0.034482758620689655,,,0.022988505747126436,,0.011494252873563218,0.034482758620689655,,,,0.011494252873563218,,,0.011494252873563218,,,0.011494252873563218,0.022988505747126436,0.05747126436781609,,0.022988505747126436,,,,,,,,,,,,,,,,,,,,,,,,,0.022988505747126436,,0.022988505747126436,,,,,0.011494252873563218,,,,,,,0.14942528735632185,,,,,,,,,0.011494252873563218,,,,,,,,,,,,0.011494252873563218,,0.011494252873563218,,,,,,,,,,0.034482758620689655,,,,,,,,,,,,,,,0.011494252873563218,,,,,,,,,,,,,,0.10344827586206896,,,,,,,,,,,,,,,,,,,,,,,0.2413793103448276,,,,,,,,,,,,,,,,,,,,,,,,,,,,,,,,,,,,,0.034482758620689655,,,,,,,,,0.011494252873563218,,,,,,,,,,,,,,,,,,,,,,,,,
2017-06-15,,,0.017543859649122806,0.03508771929824561,,,0.017543859649122806,0.12280701754385964,0.03508771929824561,,,,,,0.05263157894736842,0.05263157894736842,,,0.03508771929824561,0.12280701754385964,,,,0.07017543859649122,,,,0.05263157894736842,,,,,,,,,,,0.07017543859649122,0.03508771929824561,,,,0.08771929824561403,,,,,,,,,,,,,,,,,,,0.05263157894736842,,,,,,,,,,,,,,,0.017543859649122806,,,0.03508771929824561,,,,,,,,,,,0.03508771929824561,,,,,,,,,,,,,,0.017543859649122806,,,,,,,,,,,,,,0.017543859649122806,,,,,,,,,,,,,,,,,,,,,,,,,,,,,,,,,,,,,,,,,,,,,,,,0.017543859649122806,,,,,,,,,,,,,,,,,,,,,,,,,,,,,,,,,,,,,,,,,,,,,,,,,,,,,,,
2017-06-30,,,,0.0273972602739726,,,0.0136986301369863,0.0547945205479452,0.0273972602739726,,,,,,0.0273972602739726,,,0.0136986301369863,0.0958904109589041,0.0547945205479452,,,,0.0684931506849315,0.0273972602739726,0.0273972602739726,,,,,,,0.0136986301369863,0.0136986301369863,,,,,0.0410958904109589,0.0136986301369863,,,,0.0136986301369863,0.0136986301369863,,,,,,0.0136986301369863,,,,0.0136986301369863,,,,0.0136986301369863,,0.0136986301369863,,0.0684931506849315,,,,,,,0.0136986301369863,,,,,,,0.0136986301369863,0.0136986301369863,,,0.0410958904109589,,,,,,,,,,,0.1095890410958904,,,,,,,,,,,,,,,,,,,0.0136986301369863,,,,,,,,,,,,,,,,,,,,,,0.0136986301369863,,,,,,,,,,,,,,0.0410958904109589,,,,,,,,,,,,,,,,,,0.0410958904109589,,,,,,,,,,,,,,,,,,,,,,,,,,,,,,,,0.0136986301369863,,,0.0136986301369863,,,,,,,,,,,,,,,,,,,,,,,
2017-07-15,0.06329113924050633,,,0.10126582278481013,,,0.02531645569620253,0.02531645569620253,,0.0379746835443038,0.012658227848101266,,,,0.08860759493670886,0.012658227848101266,,0.02531645569620253,0.02531645569620253,0.02531645569620253,0.0759493670886076,,,0.02531645569620253,,,,,,,,,,,,0.02531645569620253,,,,,,,0.012658227848101266,,0.02531645569620253,,,,,,,0.012658227848101266,,,0.0379746835443038,,,,0.05063291139240506,,,,,,,,0.0379746835443038,,,0.012658227848101266,,,,,,,,,0.012658227848101266,,,,,,,,,,,0.0379746835443038,,,,,,,,,,,,,,,,,,,,,,,,,,,,,,,,,,,,0.012658227848101266,,,,,,,,,,,,,0.012658227848101266,,,,,,0.012658227848101266,,,,,,,,,,,0.02531645569620253,0.06329113924050633,,,,,,0.012658227848101266,,,,,,,0.02531645569620253,,,,,,,,0.012658227848101266,,,,,,,,,,,,,,,,,,,,,,,,,,,,,,,,,0.012658227848101266,,,,,,,,,,,,
2017-07-31,0.060240963855421686,,,0.2289156626506024,,,,0.024096385542168676,,0.012048192771084338,0.012048192771084338,,,,0.08433734939759036,0.012048192771084338,,,0.024096385542168676,0.03614457831325301,0.012048192771084338,,,0.024096385542168676,,,,,,,0.012048192771084338,,,,,0.012048192771084338,,,,,0.012048192771084338,,,,0.012048192771084338,,0.060240963855421686,,,,,,,,,,,,0.024096385542168676,,,0.024096385542168676,,,,,0.07228915662650602,,,,,,,,,,,0.012048192771084338,,,0.012048192771084338,,0.012048192771084338,,0.012048192771084338,,,,0.012048192771084338,0.012048192771084338,,,,,,,,,,,,0.012048192771084338,,,,,,,,,,,,,,,,0.012048192771084338,,,,,,,,,,0.012048192771084338,,,,,,,,,,,,,,,,,0.03614457831325301,,,,,,,,,,,0.03614457831325301,0.024096385542168676,,,,,0.024096385542168676,,,,,,,,0.012048192771084338,,,,,,,,,,,,,,,,,,,,,,,,,,,,,,,,,,,,,,,,,,,,,,,,,,,,,
2017-08-15,,,,0.011764705882352941,0.011764705882352941,,,0.011764705882352941,,,0.08235294117647059,0.023529411764705882,0.011764705882352941,,,,,,0.03529411764705882,0.09411764705882353,,,,,0.047058823529411764,0.011764705882352941,,0.10588235294117647,,,,0.023529411764705882,,,,,,,,0.09411764705882353,,,0.08235294117647059,,,,,,,,,,,,0.03529411764705882,,,0.011764705882352941,,,0.023529411764705882,,,,,,0.011764705882352941,,,0.07058823529411765,,,,,,0.011764705882352941,,,0.011764705882352941,,,,,,,,,,,,,,,0.011764705882352941,,,,,,0.023529411764705882,,,0.011764705882352941,,,,,,,,,,,,,,,,0.011764705882352941,,,,,,,,,0.03529411764705882,,,,,,,0.011764705882352941,,,,,,,,,,,,,,,,,,,,,,,,,,,,,,,0.023529411764705882,,,0.023529411764705882,,,,,,,,,,,,,,,,,,,0.011764705882352941,0.011764705882352941,,,,,,,,,,,,,,,,,,,,,,,,,,,,,,,,,,
2017-08-31,,,,0.05063291139240506,,,,0.0759493670886076,,0.012658227848101266,0.02531645569620253,0.05063291139240506,0.012658227848101266,,,,,,0.012658227848101266,0.0379746835443038,,,,,0.0379746835443038,,,0.1518987341772152,,,,0.012658227848101266,,,,,,,,0.02531645569620253,,,0.08860759493670886,,,0.012658227848101266,,,,,,0.012658227848101266,,,0.05063291139240506,,,0.012658227848101266,,,,,0.012658227848101266,,,,,,,0.08860759493670886,,,0.02531645569620253,,,,,,0.02531645569620253,,,,,,,,,,,,,,,,,,,,,,,,,,0.012658227848101266,,,,,,,,,,,,,,0.05063291139240506,,,,0.012658227848101266,,,,,,,,,,,,,,,,,,,,,,,,,,,,,,,,,,,,,,,,,,,0.0379746835443038,,,0.012658227848101266,0.012658227848101266,,,,,,,,,,,,,,,,,,0.012658227848101266,,,,,,,,,,,,,,,,,,,,,,,,,,,,0.012658227848101266,,,,,,,
2017-09-15,,,,,,,,0.06521739130434782,,0.021739130434782608,0.021739130434782608,,,,0.021739130434782608,,,,,0.15217391304347827,0.021739130434782608,0.021739130434782608,,0.021739130434782608,0.08695652173913043,,,,,,,,,0.021739130434782608,,,,,,,,,,,,,0.06521739130434782,,,,,,,,0.06521739130434782,,,,,0.021739130434782608,,,,,,,,,,0.021739130434782608,,,0.021739130434782608,,,,,,0.021739130434782608,,,,,,,,,,,,,0.06521739130434782,,,,,,,,0.043478260869565216,,,,,,0.10869565217391304,,,,,,,,,,,,,,,,,,,,,,,0.06521739130434782,,,,,,,,,,0.021739130434782608,,,,,,,,,,,,,,,,,,,,,,,,,,,,,0.021739130434782608,,,,,,,,,,,,,,,,,,,,,,,,,,,,,,,,,,,,,,,,,,,,,,,,,,,,,,,
2017-09-30,,,,,,,0.05128205128205128,0.02564102564102564,0.05128205128205128,0.05128205128205128,0.05128205128205128,,,,,0.02564102564102564,,,,0.1282051282051282,0.02564102564102564,,0.02564102564102564,0.02564102564102564,0.02564102564102564,0.05128205128205128,,0.02564102564102564,,0.05128205128205128,,,,,,,,,,,,,,,0.02564102564102564,,0.02564102564102564,,,,0.02564102564102564,,,,,,,,,0.05128205128205128,,,,,,,0.02564102564102564,,,0.07692307692307693,,,,,,,,,,,,,,,,,,,,,,,,,,,,,,,,,,,,0.10256410256410256,,,,,,,,,,,,,,,,,,,,,,,,,,,,,,,,,,,,,,,,,,,,,,,,,,,,,,,,,,,,,,,,,,,,,,,,,,,,,,0.02564102564102564,,,,,,,,,,,0.02564102564102564,,,,,,,,,,,,,,,,,,,,,,,,,,,,
2017-10-15,,,,0.08045977011494253,,,0.022988505747126436,0.08045977011494253,,,,,,,0.011494252873563218,0.011494252873563218,,,,0.05747126436781609,,,,0.08045977011494253,0.022988505747126436,,,0.04597701149425287,,0.022988505747126436,,,,,0.022988505747126436,,0.034482758620689655,0.022988505747126436,,,,,0.011494252873563218,,0.011494252873563218,,0.011494252873563218,,,,,0.011494252873563218,,,0.04597701149425287,,,,0.011494252873563218,0.022988505747126436,0.04597701149425287,,,,,,0.034482758620689655,,,0.04597701149425287,0.022988505747126436,,,,0.011494252873563218,,,,,0.022988505747126436,,,,,,,,0.011494252873563218,,,,,,,,,,,,0.011494252873563218,,,,,0.022988505747126436,,,,,,,,,,,,,,,,,,,,,,,,,0.011494252873563218,,,,0.011494252873563218,,,,,0.022988505747126436,,,,,,,,0.011494252873563218,,,0.022988505747126436,,,,,,,,,,,,,,,,,,,,,0.011494252873563218,,,,,0.022988505747126436,,,,,,,,,,,,,,,,,,,,,,,,,,,,,,,0.011494252873563218,,,,,,,,,,,,,,,,
2017-10-31,,,,0.04,,0.013333333333333334,0.02666666666666667,0.04,,,,0.02666666666666667,,,,0.013333333333333334,0.013333333333333334,,,0.06666666666666667,,,,0.04,0.013333333333333334,,,0.02666666666666667,,,,,,,0.013333333333333334,,0.06666666666666667,,,0.04,0.013333333333333334,0.02666666666666667,,,,,,,,,,0.013333333333333334,,,0.06666666666666667,,,,0.04,,0.02666666666666667,,0.013333333333333334,,,,0.04,,0.013333333333333334,,0.02666666666666667,,,,0.013333333333333334,,,,,0.06666666666666667,,0.02666666666666667,,,,0.013333333333333334,0.013333333333333334,0.013333333333333334,0.02666666666666667,,,,,,,,,,,,,,,,,0.013333333333333334,,,,,,,,,,,,,,,,,,,,,,,0.02666666666666667,0.013333333333333334,,,,,,,,,,,,,,,,,,,,0.013333333333333334,,,,,,,,,,,,,,,,,,,,,,,,,,,,,,,,,,,0.02666666666666667,,,,,,0.013333333333333334,,,,,,,,,,,,,,,,,,,,,,,,,,,,,,,,
2017-11-15,,,,0.014705882352941176,,,0.029411764705882353,0.10294117647058823,,,0.014705882352941176,,,,0.04411764705882353,,,,0.04411764705882353,0.014705882352941176,,,,0.014705882352941176,0.07352941176470588,,,,,,,0.014705882352941176,,,,,0.014705882352941176,,,,,,,,,,0.014705882352941176,,,,,,,,0.014705882352941176,,,,,0.04411764705882353,0.029411764705882353,,,,,,0.014705882352941176,0.04411764705882353,,0.014705882352941176,0.014705882352941176,,0.014705882352941176,,,0.014705882352941176,,,,,,,,,,,,,,,0.04411764705882353,,,,,0.058823529411764705,,,0.014705882352941176,0.029411764705882353,,0.014705882352941176,,,0.014705882352941176,,,,,,,,,,,,,,,,,,,,,,0.014705882352941176,,0.014705882352941176,,,,,,,,,,,,,,,,0.029411764705882353,,,,,,,,0.029411764705882353,,,,,,0.014705882352941176,,,,,,0.014705882352941176,,,,,,,0.029411764705882353,,,,,,,,,,,,,,,,,0.04411764705882353,,,,,,,,,,,,,,,,,,,,,,,,,,0.029411764705882353,,,,,,,,
2017-11-30,,,,0.029411764705882353,,,0.058823529411764705,0.11764705882352941,,,0.014705882352941176,,,,0.014705882352941176,0.04411764705882353,,,0.058823529411764705,0.058823529411764705,,,,,0.08823529411764706,,,0.014705882352941176,,,,0.029411764705882353,,,,,0.014705882352941176,,0.029411764705882353,,0.014705882352941176,,,,0.014705882352941176,,0.014705882352941176,,,,0.014705882352941176,,,,0.014705882352941176,,,,,,0.014705882352941176,,,,,,,0.029411764705882353,,0.014705882352941176,,,0.014705882352941176,,0.014705882352941176,,,,,,,,,,,,0.014705882352941176,,,,,,,,,0.014705882352941176,,,,0.014705882352941176,,,,,,,,,,,,,,,0.014705882352941176,,,,,,,,,,,,,,,,,,,,,,,,,,,,,,0.029411764705882353,,,,,,,,0.058823529411764705,,,,,,,,,,,0.014705882352941176,,,,,,,,0.014705882352941176,,,,,,,,,,,,,,,,,0.029411764705882353,,,,,,,,0.029411764705882353,,,,,,,,,,,,,,,,,,0.029411764705882353,,,,,,,,
2017-12-15,,,,0.2289156626506024,,,0.012048192771084338,0.08433734939759036,,0.024096385542168676,,,0.012048192771084338,,,,,,,,,,,0.024096385542168676,0.03614457831325301,,,0.03614457831325301,,,,,,,,0.012048192771084338,,,,,,,,0.04819277108433735,,,0.012048192771084338,,,,,,,,,,,,,0.012048192771084338,,,,,,0.024096385542168676,0.024096385542168676,,,,,,0.03614457831325301,,,,,0.024096385542168676,,0.012048192771084338,,,,,,,,0.10843373493975904,,,,,,,,,,,,,,,,,,,,,,,0.012048192771084338,,,,,,,,,,,,,,,,,,,,,,,0.012048192771084338,,,,,,,,,,,,0.012048192771084338,,,,,,0.012048192771084338,,,,,,,,,,,,,,,,,,,,,0.024096385542168676,,,,0.0963855421686747,,,,,,0.024096385542168676,,,,,,,,,,,,,,,,,,,,,,,0.03614457831325301,,,,,,,,,,,,,,,,,
2017-12-31,,,0.008849557522123894,0.22123893805309736,0.008849557522123894,,0.008849557522123894,0.035398230088495575,,0.04424778761061947,,,0.008849557522123894,,,,,,,0.017699115044247787,,,0.017699115044247787,0.02654867256637168,0.017699115044247787,,,0.035398230088495575,0.008849557522123894,,,,,,,0.017699115044247787,,,,,,,,0.061946902654867256,,,0.008849557522123894,,,,,,,,,,,0.008849557522123894,0.02654867256637168,0.017699115044247787,,,,,,0.017699115044247787,0.017699115044247787,,,,,,0.008849557522123894,,,,,0.008849557522123894,,0.035398230088495575,0.017699115044247787,,,,,,,0.05309734513274336,,,,,,,,,,,,,,,,,,,,,,,0.04424778761061947,,,,,,,,,,,,,,,,,,0.035398230088495575,,,,,,,,,,,,,,,,,0.008849557522123894,,,,,,,,,,,,,,,,,,,,,,,,,,,0.02654867256637168,,,,0.008849557522123894,,,,,,0.02654867256637168,,,,,0.017699115044247787,0.008849557522123894,,,,,,,,,0.008849557522123894,,,,,,,,0.05309734513274336,,,,,,,,,,,,,,,,,
2018-01-15,,,,0.023529411764705882,,,0.058823529411764705,0.07058823529411765,,0.011764705882352941,0.011764705882352941,,0.023529411764705882,,,0.011764705882352941,,,,0.047058823529411764,,,,0.047058823529411764,,0.011764705882352941,0.023529411764705882,0.07058823529411765,,,0.11764705882352941,,,,,,,,,,,,,,0.011764705882352941,,0.011764705882352941,,0.011764705882352941,,0.011764705882352941,,0.08235294117647059,,,,,,0.023529411764705882,0.023529411764705882,0.07058823529411765,,,,,,0.011764705882352941,,,0.07058823529411765,,,,,,0.023529411764705882,,,,,,,,,0.011764705882352941,,,,,,0.023529411764705882,,,,,,,,,,,,,,,,,,,,,,,,,,0.011764705882352941,,,0.011764705882352941,,,,,,,,,0.023529411764705882,,,,,,,,,,,,,,,,0.023529411764705882,,,,0.011764705882352941,,,,,,,,,,,,,,,,,,,,,,,,,,,,,,,,,,,,,,,,,,,,,,,,,,,,,,,,,,,,,,,,,,,,,,,,,,
2018-01-31,,,,0.043010752688172046,,,0.03225806451612903,0.07526881720430108,,0.010752688172043012,,,0.03225806451612903,,,,,,,0.03225806451612903,,,,0.07526881720430108,,,0.021505376344086023,0.021505376344086023,,,0.21505376344086022,,,,,,,,,,,,,0.010752688172043012,0.021505376344086023,,0.010752688172043012,,,0.010752688172043012,0.010752688172043012,,0.07526881720430108,,,,,,0.021505376344086023,0.03225806451612903,0.0967741935483871,,,0.010752688172043012,,,0.021505376344086023,,,0.043010752688172046,,,,,,,,,,,,,,,,,,,,,0.010752688172043012,,,,,,,,,,,,,,,,,,,,,,,,,,,,,0.010752688172043012,,,,,,,,,0.010752688172043012,,,,,,,,,,,,,,,,,0.010752688172043012,,,,,,,,,,,,,,0.010752688172043012,,,,,,,,,,,,0.021505376344086023,,,,,,,,,,,,,,,,,,,,,,,,,,,,,,,,,,,,,,,,,,,,,,,,,,,
2018-02-15,,,0.013157894736842105,0.06578947368421052,,,0.013157894736842105,0.039473684210526314,,0.02631578947368421,0.02631578947368421,,,0.02631578947368421,,,,0.013157894736842105,0.013157894736842105,0.19736842105263158,,,,0.039473684210526314,0.05263157894736842,,,0.07894736842105263,,,,0.02631578947368421,,,,,,,,,,,0.013157894736842105,,,,0.06578947368421052,,,,0.039473684210526314,,,,0.05263157894736842,,,,,,,,,,,,0.07894736842105263,,,0.013157894736842105,,,,,,,,,,,,,,0.013157894736842105,0.013157894736842105,,,0.06578947368421052,,,,,,,,,,,,,,,,,,,,,,,,,,,,,,,,,,,,,,,,,,,,,,,,,,,,,,,,,,,0.013157894736842105,,,,,,,,,,,,,,,,,,,,,,,,,,,,,,,,,,,,,,,,,,,,,,,,,,,,,,,,,,,,,,,,,,,,,,,,,,,,
2018-02-28,,,0.027777777777777776,0.09722222222222222,,,0.06944444444444445,0.013888888888888888,,0.041666666666666664,0.027777777777777776,0.013888888888888888,,0.027777777777777776,,0.013888888888888888,,,0.013888888888888888,0.125,0.013888888888888888,,,0.05555555555555555,0.013888888888888888,,,0.05555555555555555,,,,0.027777777777777776,,,,,,,,,,,,0.013888888888888888,,,0.041666666666666664,,,,0.027777777777777776,,,,0.041666666666666664,,,,0.013888888888888888,,,,,,,,0.041666666666666664,,0.06944444444444445,0.013888888888888888,,,,,,,,,,,,,,0.013888888888888888,0.041666666666666664,,,0.013888888888888888,,,,,,,,,,,,,,,,,,,,,,,,,,,,,,,,,,,,,,,,,,,,,,,,,,,0.013888888888888888,,,,,,,,0.013888888888888888,,,,,,,,,,,,,,,,,,,,,,,,,,,,,,,,,,,,,,,,,,,,,,,,,,,,,,,,,,,,,,,,,,,,,,,,,,,,
2018-03-15,,,,0.014285714285714285,,,0.2,0.04285714285714286,,,0.04285714285714286,,,,0.02857142857142857,0.014285714285714285,,0.014285714285714285,,0.014285714285714285,,,,0.02857142857142857,0.014285714285714285,,,0.04285714285714286,,,,,,,,,0.014285714285714285,0.014285714285714285,,,,,0.014285714285714285,0.014285714285714285,,,,,,,,,,,,,,,,0.05714285714285714,,,,,,,0.04285714285714286,,,0.014285714285714285,,,,,,,,,,,,,,,,,,0.04285714285714286,,,0.014285714285714285,,,,,0.08571428571428572,,,,0.014285714285714285,,,,,,,0.04285714285714286,,,,,,,,,,,,,,,,,,,,,,,,,,,,,,,,,,,0.02857142857142857,,,,,,,,,,,,,,,,,,,,,,,,0.02857142857142857,,,,,,,,,,,,0.02857142857142857,0.014285714285714285,,,,,,,0.02857142857142857,,,,,,,,,,,,,,,,,,,,,,,,,,,0.014285714285714285,,,,,,,0.02857142857142857,,,
2018-03-31,,0.011904761904761904,,0.011904761904761904,,,0.08333333333333333,0.023809523809523808,0.011904761904761904,,0.023809523809523808,,,,0.023809523809523808,0.011904761904761904,,0.011904761904761904,,,,,,0.09523809523809523,0.023809523809523808,,,0.03571428571428571,0.011904761904761904,,,,,,,,0.011904761904761904,0.03571428571428571,,,,,0.03571428571428571,,,,,,,,,0.011904761904761904,,,0.011904761904761904,,,,,0.05952380952380952,,,,,,,0.03571428571428571,0.023809523809523808,,,,,,,,,,0.023809523809523808,,,0.023809523809523808,0.011904761904761904,,,,,,0.05952380952380952,,,,,,,0.011904761904761904,0.08333333333333333,,,,0.011904761904761904,,,,,,,0.03571428571428571,,,,,,,,,,,,,,,,,,,,,,,,,,,,,,,,,,,,,,,,0.011904761904761904,,,,,,,,,,,,,,,,,,,0.023809523809523808,,,,,,,0.011904761904761904,,,,,,0.011904761904761904,,,,,,,0.047619047619047616,,,,,,,,,,,,,,,,,,,,,,,,,,,,,,,,,,0.023809523809523808,,,
2018-04-15,,,,0.10344827586206896,,0.034482758620689655,,0.13793103448275862,,0.034482758620689655,,,,,0.022988505747126436,,,,0.011494252873563218,0.05747126436781609,,,,0.04597701149425287,0.034482758620689655,0.022988505747126436,,0.09195402298850575,0.011494252873563218,,,,,,,,,,,0.011494252873563218,,,0.022988505747126436,,,,0.034482758620689655,,,,,,0.011494252873563218,,0.011494252873563218,,0.011494252873563218,,0.011494252873563218,0.011494252873563218,0.011494252873563218,0.011494252873563218,,,,,0.022988505747126436,,,,,,,,,,,,0.011494252873563218,,,,0.011494252873563218,0.011494252873563218,0.011494252873563218,,,,0.011494252873563218,,,,,,,,,,,0.034482758620689655,,,,,0.011494252873563218,,,,,,,,,,,,,,,,,,0.022988505747126436,,,,,,,,,,,,,0.011494252873563218,,,,,,,,,,,,0.011494252873563218,,,0.022988505747126436,,,,,,0.011494252873563218,,,,,,,,,,,,,,,,,,,,,,,,,,,0.011494252873563218,,,,,0.011494252873563218,,,,,,,,,,,,,,,,,,,,,,,,,,,,,,,,,0.011494252873563218,
2018-04-30,,,,0.18446601941747573,,0.009708737864077669,,0.0970873786407767,,0.009708737864077669,,,,,0.038834951456310676,0.019417475728155338,,0.009708737864077669,0.02912621359223301,0.009708737864077669,,,,0.07766990291262135,0.038834951456310676,0.009708737864077669,,0.1262135922330097,,,,0.019417475728155338,,,,,0.009708737864077669,,0.019417475728155338,,,,,,,,0.009708737864077669,,,,,,0.009708737864077669,,,,0.009708737864077669,,,0.009708737864077669,0.009708737864077669,0.02912621359223301,,,,,0.009708737864077669,,,,,,,,,0.009708737864077669,,,0.019417475728155338,,,,0.009708737864077669,0.009708737864077669,0.02912621359223301,,,,0.009708737864077669,,,,,,,,,,,0.04854368932038835,,,,,0.009708737864077669,,,,,,,,,,,,,,,,,,0.009708737864077669,,,,,,,,,,,,,,,,,,,,,,,,,0.009708737864077669,,,,,,,,,0.019417475728155338,,,,,,,,,,,0.009708737864077669,,,,,,,,,,,,,,,,,,,,,0.009708737864077669,,,,,,,,,,,,,,,,,,,,,,,,,,,,,,,,,,
2018-05-15,,,0.010309278350515464,0.061855670103092786,,,0.041237113402061855,0.08247422680412371,,,,,,0.05154639175257732,,,,,,,,,0.010309278350515464,0.041237113402061855,0.020618556701030927,0.010309278350515464,,0.010309278350515464,,,,,,0.010309278350515464,,,,,,,,,,,,,0.010309278350515464,,,,,,0.010309278350515464,,,0.030927835051546393,,,0.041237113402061855,,,,,0.010309278350515464,,,0.07216494845360824,,,,,,,,,0.030927835051546393,,,,,,,,0.1958762886597938,0.010309278350515464,0.010309278350515464,,0.010309278350515464,,,,,,,,0.010309278350515464,,,0.010309278350515464,,,,,,,,,0.061855670103092786,,0.010309278350515464,,,,,0.010309278350515464,,,,,,,,,,,,,,,,,,,,,,,,,,,,,,,,,,,,,,,,,,,,,,,,,,,,,,,,0.010309278350515464,,,,,,,,0.020618556701030927,,,,,,,,,0.010309278350515464,0.030927835051546393,,,,,,0.020618556701030927,,,,,,,0.020618556701030927,,,,,,,,,,,,,,,,,,,,,
2018-05-31,,,0.018691588785046728,0.028037383177570093,,,0.056074766355140186,,,,,,0.009345794392523364,0.1308411214953271,,,,0.009345794392523364,,,,,0.028037383177570093,0.018691588785046728,0.009345794392523364,0.04672897196261682,,0.018691588785046728,,,,,,,,,,,,,,,,,,,,,,0.009345794392523364,0.009345794392523364,,0.018691588785046728,,,0.018691588785046728,,,0.018691588785046728,,,,,0.009345794392523364,,,0.102803738317757,,,,,,0.018691588785046728,,,0.009345794392523364,,,,,,,,0.24299065420560748,0.009345794392523364,,,,,,,,,,,,,,,0.028037383177570093,,,,,,,,,,,,,,,,,,,,,,0.009345794392523364,,,,,,,,,,,,,,,,,,,,,,,,,,,,,,,,,,,,,,,,,,,,,,,0.009345794392523364,,,,,,,,,,0.009345794392523364,,,,,,,,,0.009345794392523364,0.08411214953271028,,,,,,,,,,,,,0.009345794392523364,,,,,,,,,,,,,,,,,,,,,
2018-06-15,,,,0.013157894736842105,,,0.013157894736842105,0.13157894736842105,0.02631578947368421,,,,,,0.05263157894736842,0.039473684210526314,,,0.05263157894736842,0.10526315789473684,,,,0.06578947368421052,0.013157894736842105,0.039473684210526314,,0.02631578947368421,,,,,,,,,,,0.013157894736842105,0.02631578947368421,0.013157894736842105,,,,0.013157894736842105,,,,,,,,,,,,,,,,,,0.05263157894736842,,,,,,,,,,,,,,,0.013157894736842105,,,0.013157894736842105,,0.02631578947368421,,0.013157894736842105,,,,,,,0.02631578947368421,,,,,,0.02631578947368421,0.013157894736842105,,,,0.013157894736842105,,,0.013157894736842105,,,,,,,,,,0.013157894736842105,,,,,,,0.013157894736842105,,,,,,,0.013157894736842105,,,,,,,,,,,,,,,,,0.02631578947368421,,,,,,,,,,,,,0.013157894736842105,0.013157894736842105,,,,,0.02631578947368421,,0.013157894736842105,,,,,,,,,,,,,,,,,,,,,,,,,,,,,,,,,,,,,,,,,,,,,,0.013157894736842105,,,,,,,,,
2018-06-30,,,,0.02564102564102564,,,0.01282051282051282,0.15384615384615385,0.01282051282051282,,,,,,0.01282051282051282,0.02564102564102564,0.01282051282051282,,0.0641025641025641,0.038461538461538464,,,,0.038461538461538464,0.02564102564102564,0.02564102564102564,,0.02564102564102564,,,,,,,,,,,0.01282051282051282,,,,,,0.02564102564102564,,,,,0.01282051282051282,,,,,,,,,,,,,0.038461538461538464,,,,0.01282051282051282,,,,,,,,0.01282051282051282,,0.02564102564102564,0.01282051282051282,,,0.02564102564102564,,0.01282051282051282,,0.02564102564102564,,,,,,,0.05128205128205128,,,,,,,0.02564102564102564,,,,0.02564102564102564,,,,,,,,0.01282051282051282,,,,,,,,,,,,0.05128205128205128,,,,,,,,,,0.01282051282051282,,0.01282051282051282,,,,,0.01282051282051282,,,,,,,0.05128205128205128,,,,,,,,,,,,,0.01282051282051282,,,,,0.01282051282051282,0.01282051282051282,,,,,,,,,,,,,,,,,,,,,,,,,,,,,,,,,,0.01282051282051282,,,,,,,,,,,,,,,,,,,,,,,
2018-07-15,0.042105263157894736,,0.010526315789473684,0.05263157894736842,,0.021052631578947368,0.021052631578947368,0.010526315789473684,,0.031578947368421054,0.010526315789473684,,,,0.09473684210526316,,,0.021052631578947368,0.010526315789473684,0.031578947368421054,0.021052631578947368,0.06315789473684211,,0.09473684210526316,,,,,,,,,,,,0.010526315789473684,,,,,,,,,0.031578947368421054,,0.021052631578947368,,,,,0.010526315789473684,,,0.031578947368421054,,,,0.031578947368421054,,,,,,,,0.07368421052631578,,0.010526315789473684,,,,,,,,,,0.010526315789473684,,,,,,0.010526315789473684,,,,,,,,,,,,,,,,,0.021052631578947368,,,,,,,,,,,,,,,,,,,,,,,,0.010526315789473684,,0.010526315789473684,,0.010526315789473684,,,,,,,,,,,,,,,0.010526315789473684,,0.010526315789473684,,,,,,,,,0.05263157894736842,0.031578947368421054,,,,,,,,,,,,0.010526315789473684,,,,,,,,,0.010526315789473684,,,,,,,,,,,,,,,,,,,,,,,,,,,,,,,0.021052631578947368,,0.021052631578947368,,,,,,,,,,,,
2018-07-31,0.0625,,0.010416666666666666,0.052083333333333336,,0.010416666666666666,0.010416666666666666,0.03125,0.010416666666666666,,0.020833333333333332,,0.010416666666666666,,0.07291666666666667,0.020833333333333332,,,0.010416666666666666,0.09375,0.010416666666666666,0.020833333333333332,,0.125,0.020833333333333332,,,0.010416666666666666,,,,,,,,0.010416666666666666,,,,,0.010416666666666666,,,,0.010416666666666666,,0.010416666666666666,,,,,,,,,,,,0.010416666666666666,,,,,,,,0.07291666666666667,,,,,,,,0.010416666666666666,,,0.010416666666666666,,,0.010416666666666666,,,,,,,,,,,,,,,,,,,,,0.020833333333333332,,,,,,,,,,,,,,,,0.010416666666666666,,,,,,,,,,0.03125,,0.010416666666666666,,,,,,,,,,,,,,,0.020833333333333332,,,,0.010416666666666666,,,,,,,0.041666666666666664,0.041666666666666664,,,,,0.010416666666666666,,,,,,,,,,,,,,,,0.020833333333333332,,,,,,,,,,,,,,,,,,,,,,,,,,,,0.010416666666666666,,,0.010416666666666666,,,,,,,,,,,,,,
2018-08-15,,,,0.010752688172043012,0.010752688172043012,,,0.021505376344086023,,,0.10752688172043011,0.010752688172043012,,,,,,,,0.06451612903225806,,,,,0.053763440860215055,,,0.0967741935483871,,,,0.03225806451612903,0.021505376344086023,,,,,,0.07526881720430108,,,,0.043010752688172046,,0.010752688172043012,,,,,,,,,,,,,0.010752688172043012,,0.021505376344086023,0.021505376344086023,,,,,,,,,0.03225806451612903,,,,,,0.010752688172043012,,0.010752688172043012,0.010752688172043012,,,,,,,,,,,,,0.010752688172043012,,0.010752688172043012,,,,,,0.021505376344086023,,,,,0.010752688172043012,,,,,,,,,,,,,,0.021505376344086023,,,,0.010752688172043012,,0.010752688172043012,,,0.010752688172043012,0.053763440860215055,,,,,,,,,,,,,,,,,,0.053763440860215055,,,0.010752688172043012,,,,,,,,,,,,,,,,,,,,,,,,,,,,,,,,,,,0.053763440860215055,,,0.021505376344086023,0.010752688172043012,,,,,,,,,,0.010752688172043012,,,,,,,,,,,,,,,,,,,,,,,,
2018-08-31,,,,0.0425531914893617,0.010638297872340425,,,0.0851063829787234,,0.031914893617021274,0.0851063829787234,0.02127659574468085,0.0425531914893617,,0.010638297872340425,,,,,0.031914893617021274,,,,,0.0425531914893617,,,0.10638297872340426,,,,0.010638297872340425,0.02127659574468085,,,,,,0.02127659574468085,,,,0.07446808510638298,,,,,,,,,,,,,,,,,,,,,,,,,,,0.05319148936170213,,,0.010638297872340425,,,,,0.010638297872340425,0.02127659574468085,,,,,,,,,,,,,0.010638297872340425,,,,,,,,0.010638297872340425,,,,,0.02127659574468085,,,,,,,,0.010638297872340425,,0.010638297872340425,,,,0.031914893617021274,,,,0.010638297872340425,,,0.010638297872340425,,0.010638297872340425,0.06382978723404255,,,,,,,,,0.010638297872340425,,,,,,,,,0.031914893617021274,,,,,,,,,,,,,,,,,,,0.010638297872340425,,,,,,,,,,,,0.010638297872340425,,,,,,,0.010638297872340425,,,,,,,,,,,,,,,,,,,,,,,,,,,,,,,,,,,,,,
2018-09-15,,,,,,,0.05,0.025,,0.1,0.025,,,0.075,0.025,,,,0.025,0.125,0.025,,,,0.025,,,,,,,,,0.025,,,,,0.025,,,,0.025,,,,,,,,,,,,0.1,,,,,,,,,,,,0.05,,,0.025,,,0.025,,,,,,0.025,,,,,,0.025,,,,,,,,,,,,,,,,,,,,,0.05,0.075,,,,,,,,,,,,,,,,,,,,,,,,,,,,,,,,,,,,,,0.025,,,,,,,,,,,,,,,,,,,,,,,,,,,,,,,,,,,,,,,0.025,,,,,,,,,,,,,,,,,,,,,,,,,,,,,,,,,,,,,,,
2018-09-30,,,,,,0.02,,0.04,,,0.02,,,0.04,,,,,0.06,0.06,0.04,,0.02,0.02,0.04,0.06,,0.02,,0.02,,,,,,,,,,,,0.02,,0.04,,,0.02,,,,0.02,,,,,,,,,0.04,,,,,,,0.02,,,0.08,,,0.02,,0.02,,,0.02,,,,,,,,,0.02,,,,0.02,,,,,,,,,,,,,0.02,,0.02,0.06,,,,,0.02,,,,,,,,,0.02,,,,,0.02,,,,,,,,,,,,,0.02,,,,,,,,,,,,,,,,,,,,,,,,,,,,,,,,,,,,,,,,,,,,,0.02,,,,,,,,,,,,,,,,,,,,,,,,,,,,,,,,,,,,,,,
2018-10-15,0.010869565217391304,,,0.10869565217391304,,,0.010869565217391304,0.10869565217391304,,,0.010869565217391304,,,,0.021739130434782608,0.010869565217391304,,,,0.03260869565217391,,,,0.08695652173913043,0.03260869565217391,,,0.021739130434782608,0.010869565217391304,,,,,,0.010869565217391304,,,,,,,,0.03260869565217391,,,,,,,,,,,0.010869565217391304,0.043478260869565216,,,,0.010869565217391304,,0.043478260869565216,,,,,,0.06521739130434782,,,,0.043478260869565216,,,,0.021739130434782608,0.010869565217391304,,,,,,,,,0.021739130434782608,,,,0.010869565217391304,,,,,,0.010869565217391304,,,,,,,,,,0.043478260869565216,,,,,,,,0.010869565217391304,,,,,,,,,,,,,,,,,0.021739130434782608,,,,,,,,,0.03260869565217391,,,,,,,,,,,0.021739130434782608,,,,,,0.021739130434782608,,,,,,,,,,,,,,,,,,,0.021739130434782608,,,,,,,,,,,,,,,,,,,,,,,,,,0.021739130434782608,,,,,,,,,,,,,,,,,,,,,,
2018-10-31,,,,0.10714285714285714,,0.011904761904761904,0.047619047619047616,0.09523809523809523,,,,0.011904761904761904,,,,,0.011904761904761904,,,0.03571428571428571,,,,0.08333333333333333,,0.011904761904761904,,0.011904761904761904,,,,,,,0.011904761904761904,,,,0.023809523809523808,,,,0.023809523809523808,,,,0.011904761904761904,,,,,,,,0.07142857142857142,,,,0.023809523809523808,,0.023809523809523808,,,,,,0.07142857142857142,,,,0.05952380952380952,,,,,0.023809523809523808,,,,,,0.023809523809523808,,,,,0.011904761904761904,,0.011904761904761904,,,,,,0.011904761904761904,,,,,,,,,,0.011904761904761904,0.011904761904761904,,,,,,,0.011904761904761904,,,,,,,,,,,,,,,,0.023809523809523808,0.03571428571428571,,,,,,,,,,,,,,,,,,,,,,,,,,,,,,,,,,,,,,,,,,,,,0.011904761904761904,,,,,,,,,,,,,,,,,,,,,,,,,,0.05952380952380952,,,,,,,,,,,,,,,,,,,,,,
2018-11-15,,,,0.03409090909090909,,,0.045454545454545456,0.11363636363636363,,0.011363636363636364,,,,,,0.022727272727272728,,,0.07954545454545454,0.011363636363636364,,,,0.03409090909090909,0.022727272727272728,0.03409090909090909,,,,,,,,,,,,,,,,,,,,,0.011363636363636364,,,,0.03409090909090909,,,,,0.011363636363636364,,,,0.022727272727272728,,,,,,,0.045454545454545456,0.045454545454545456,,0.022727272727272728,0.011363636363636364,,0.022727272727272728,,0.011363636363636364,0.022727272727272728,,0.011363636363636364,,,,,,,,,,,,,0.011363636363636364,,,,,0.045454545454545456,,,,0.011363636363636364,,,0.011363636363636364,,,,,,,,,,,0.03409090909090909,,,,,,,,,,,,,,,,0.022727272727272728,,,,,,,,,,,,,,0.022727272727272728,,,,,,,,0.011363636363636364,,,,,0.022727272727272728,,,,,,,,0.03409090909090909,0.022727272727272728,,,,,,0.011363636363636364,,,,,,,,0.011363636363636364,,,,,,,,,0.03409090909090909,,,,,,,,,,,,,,,,,,,,,,,,,,0.011363636363636364,,,,,,,,
2018-11-30,,,,0.057692307692307696,,0.009615384615384616,0.0673076923076923,0.09615384615384616,,0.028846153846153848,0.009615384615384616,,,,,0.009615384615384616,,,0.04807692307692308,0.028846153846153848,,,,0.028846153846153848,0.028846153846153848,0.038461538461538464,,0.019230769230769232,,,,0.019230769230769232,,,,,,,,,,,,0.009615384615384616,,,0.009615384615384616,,,,0.019230769230769232,,,,,0.009615384615384616,,,,,0.019230769230769232,,,,,,0.04807692307692308,0.028846153846153848,,0.009615384615384616,0.009615384615384616,,0.038461538461538464,,0.019230769230769232,0.019230769230769232,,,,,,,,,,,0.019230769230769232,,0.009615384615384616,,,,,,0.009615384615384616,0.038461538461538464,,,,,,,,,,,,,,,,,,0.009615384615384616,0.038461538461538464,,,,,,,,,,,,,,0.028846153846153848,,,,,,,,,,,,,,,0.019230769230769232,,,,,,,,0.019230769230769232,,,,,,,,,,,,0.019230769230769232,,0.019230769230769232,,,,,,,,,,,,,,,,,,,,,,,,,,,,,,,0.019230769230769232,,,,,,,,,,,,,,,,,,0.019230769230769232,,,,,,,,
2018-12-15,,0.012345679012345678,0.012345679012345678,0.2839506172839506,,,,0.07407407407407407,,,,,0.012345679012345678,,,0.012345679012345678,,,,,,,,0.024691358024691357,0.07407407407407407,,,0.024691358024691357,,,,,,,,0.012345679012345678,,,0.012345679012345678,,,,,0.06172839506172839,,,0.037037037037037035,,,,,,,,,,,,,,,,,,,0.012345679012345678,0.037037037037037035,,0.012345679012345678,,,,0.04938271604938271,,,,,0.012345679012345678,,,,,,,,,,0.06172839506172839,,,,,,0.012345679012345678,,,,,,,,,,,,,,,,,,,,,,,,,,,,,,,,,,,0.012345679012345678,,,,,0.012345679012345678,,,,,,,,,,,,0.012345679012345678,,,,,,0.012345679012345678,,0.024691358024691357,,,,,,,,,,,,,,,,,,,0.012345679012345678,,,,0.024691358024691357,,,,,,,,,,,,,,,,,,,,,,,,,,,,,0.037037037037037035,,,,,,,,,,,,,,,,,
2018-12-31,,,,0.22018348623853212,0.009174311926605505,,,0.03669724770642202,,0.009174311926605505,,,0.009174311926605505,,,,,,0.009174311926605505,,,,,0.009174311926605505,0.027522935779816515,0.01834862385321101,,0.027522935779816515,,,,,,,,0.009174311926605505,,,0.009174311926605505,0.009174311926605505,0.009174311926605505,,,0.06422018348623854,,,0.009174311926605505,,,,,,,,,,,,0.009174311926605505,0.009174311926605505,,,,,,0.009174311926605505,0.009174311926605505,0.009174311926605505,0.009174311926605505,,,,0.009174311926605505,0.009174311926605505,,,,,,0.027522935779816515,,,,,,,,0.06422018348623854,,,,,,0.027522935779816515,,,,,,,,,,,,,,,,,0.027522935779816515,,,,0.01834862385321101,,,,0.01834862385321101,,,,,,,,,,0.045871559633027525,,,,,,,,,,,,,,,,,0.009174311926605505,,,,,,,,0.03669724770642202,,,,,,,,,,,,,,,0.01834862385321101,,,,0.009174311926605505,,,,,,0.009174311926605505,,,,,,,,,,0.027522935779816515,,,,,,,,,,,0.05504587155963303,,,,,,0.045871559633027525,,,,,,,,,,,,,,,,,
2019-01-15,,,,0.031578947368421054,,,0.07368421052631578,0.07368421052631578,,,,,0.010526315789473684,,,0.021052631578947368,,,,,,,,0.042105263157894736,0.031578947368421054,,0.031578947368421054,0.08421052631578947,,,0.031578947368421054,,,,,,,0.021052631578947368,,,0.010526315789473684,,,,0.010526315789473684,,0.010526315789473684,,0.021052631578947368,,0.010526315789473684,,0.031578947368421054,,,,,,,0.042105263157894736,0.010526315789473684,0.021052631578947368,,,,,0.021052631578947368,0.010526315789473684,,0.06315789473684211,,,0.010526315789473684,,0.010526315789473684,,,,,,,,,,0.09473684210526316,,,,,,0.021052631578947368,,,,0.021052631578947368,0.010526315789473684,,,,,,,,,,,,,,,,,,,,,0.010526315789473684,,,0.031578947368421054,,,,,,,,,0.010526315789473684,,,,,,,,,,,,,,,0.021052631578947368,,,,,,,,,,0.010526315789473684,,,,,,,,,,,,,,,0.021052631578947368,,,0.010526315789473684,,,,,,,,,,,,,,,,,,,,,,,,,,,,,,,,,,,,,,,,,,,,,,,,,,,
2019-01-31,,,,0.026785714285714284,,,0.03571428571428571,0.07142857142857142,,0.008928571428571428,,,0.008928571428571428,,,,,,,0.026785714285714284,,,,0.03571428571428571,0.0625,,0.017857142857142856,0.0625,,,0.11607142857142858,,,,,,,0.008928571428571428,,,,,,0.017857142857142856,0.026785714285714284,,0.008928571428571428,,,0.008928571428571428,0.008928571428571428,,0.11607142857142858,,,,,,,,0.05357142857142857,0.026785714285714284,,,,,,,,0.026785714285714284,,,,,0.008928571428571428,,,,,,,,,,0.09821428571428571,,,,,,0.008928571428571428,,,,0.026785714285714284,,,,,,,,,,,,,,,,,,,,,,,,,0.026785714285714284,,,,,,,,,,,,,,,,,,,,,,,,,,0.008928571428571428,,,,,,,,,,,,,,,0.017857142857142856,,,,,,,,0.017857142857142856,,,0.008928571428571428,,,,,,,,,,,,,,,,,,,,,,,,,,,,,,,,,,,,,,,,,,,,,,,,,,,
2019-02-15,,,0.008928571428571428,0.0625,,0.008928571428571428,0.008928571428571428,0.044642857142857144,0.008928571428571428,,0.008928571428571428,,0.008928571428571428,0.026785714285714284,,0.03571428571428571,,,0.008928571428571428,0.16964285714285715,0.008928571428571428,,,0.08035714285714286,0.03571428571428571,0.017857142857142856,,0.07142857142857142,,,,,,,,,,,,,,,,,,,0.03571428571428571,,,,,,,,0.026785714285714284,0.017857142857142856,,,,0.05357142857142857,,,,,,,0.08928571428571429,,0.008928571428571428,0.008928571428571428,,,,,,,,,,,,,,,,,,0.07142857142857142,,,,,,0.026785714285714284,,,,,,,,,,,0.008928571428571428,,,,,,,,,,,,,0.008928571428571428,,,,0.008928571428571428,,,,,,,,,0.008928571428571428,,,,,,,,,,,,,,,,,,,,,,,,,,,,,,,,,,,,,,,,,,,,,,,,0.008928571428571428,,,,,,,,,,,,,,,,,,,,,,,,,,,,,,,,,,,,,,,,,,,,
2019-02-28,,,,0.1,,,0.011111111111111112,0.03333333333333333,0.011111111111111112,,0.022222222222222223,,,0.05555555555555555,0.011111111111111112,0.03333333333333333,,,0.011111111111111112,0.14444444444444443,0.022222222222222223,,,0.15555555555555556,,,,0.05555555555555555,,,,0.011111111111111112,,,,,,,,,,,,,,,0.03333333333333333,,,,,,,,0.011111111111111112,0.03333333333333333,,,,0.022222222222222223,,,0.011111111111111112,,,,0.1111111111111111,,0.011111111111111112,,,,0.011111111111111112,,,,,,,,,,,,,,,0.03333333333333333,,,,,,0.011111111111111112,,,,,,,,,,,,,,,,,,,,,,,,,,,,0.011111111111111112,,,,,,,0.011111111111111112,,,,,,,,,,0.011111111111111112,,,,,,,,,,,,,,,,,,,,,,,,,,,,,,,,,,,,,,,,,,,,,,,,,,,,,,,,,,,,,,,,,,,,,,,,,,,,,,,,,,,,
2019-03-15,,,,0.03488372093023256,,,0.19767441860465115,,,0.046511627906976744,0.011627906976744186,,,0.011627906976744186,0.011627906976744186,0.011627906976744186,,0.011627906976744186,,0.03488372093023256,,,,0.08139534883720931,0.011627906976744186,,,,,0.011627906976744186,,,,,,,0.011627906976744186,0.011627906976744186,,,,,0.023255813953488372,,,,0.03488372093023256,,,,,,,,,,,,,0.046511627906976744,0.011627906976744186,,,,,,,0.011627906976744186,,,,,,,,0.046511627906976744,,,,,,,,,,,,,,,0.03488372093023256,,,,,0.08139534883720931,,,,0.023255813953488372,,,,,,,0.03488372093023256,0.011627906976744186,,,,,,,,,,,,,,,,,,,,,,,,,,,,,,,,,,0.023255813953488372,,,,,,,,,,,,,,,,,,,,,,,,0.03488372093023256,,,,,,,0.011627906976744186,,,,0.011627906976744186,,0.023255813953488372,,,,,,,0.03488372093023256,,,,,,,,,,,,,,,,,,,,,,,,,,,,,,,,,,,,,
2019-03-31,,0.009009009009009009,0.018018018018018018,0.018018018018018018,,,0.07207207207207207,0.009009009009009009,0.009009009009009009,0.009009009009009009,0.018018018018018018,,,,0.018018018018018018,,0.036036036036036036,0.02702702702702703,,,,,,0.0990990990990991,0.018018018018018018,,,0.018018018018018018,,,,,,,,,0.036036036036036036,0.02702702702702703,,,,,0.02702702702702703,,0.018018018018018018,,0.08108108108108109,,,,,,,,,0.009009009009009009,,,,0.02702702702702703,,,,,,,,0.009009009009009009,0.009009009009009009,0.009009009009009009,,,,,,0.036036036036036036,,,,,0.018018018018018018,,,,,,,0.02702702702702703,,,,,,,,0.06306306306306306,,,,0.018018018018018018,,,,,,,0.02702702702702703,,,,,,,,,,0.009009009009009009,,,,,,,,,,,0.009009009009009009,,,,,,,,,,,,,,0.009009009009009009,,,,,,,,,,,,,,,,,,,0.009009009009009009,,,,,0.06306306306306306,,,,,,,0.018018018018018018,,,,,,0.018018018018018018,,,,,,,0.02702702702702703,,,,,,,,,,,,,,,,,,,,,,,,,,,,,,,0.009009009009009009,,,0.009009009009009009,,,
2019-04-15,,,0.009009009009009009,0.12612612612612611,,0.009009009009009009,,0.13513513513513514,,0.02702702702702703,,,,,0.018018018018018018,0.009009009009009009,,,0.02702702702702703,0.07207207207207207,0.009009009009009009,,,0.02702702702702703,0.018018018018018018,0.009009009009009009,,0.05405405405405406,0.009009009009009009,,,,,,,,,,,0.018018018018018018,,,0.009009009009009009,0.009009009009009009,,,0.009009009009009009,,,,,,0.018018018018018018,,0.018018018018018018,,0.009009009009009009,,,,0.009009009009009009,0.009009009009009009,,,,,0.018018018018018018,,,,,,0.009009009009009009,,,,,,,0.018018018018018018,0.02702702702702703,,,0.009009009009009009,0.009009009009009009,0.009009009009009009,,,,0.009009009009009009,,0.009009009009009009,,,,,,,,0.05405405405405406,,,,,0.06306306306306306,,,,,,0.009009009009009009,,,,,,,,,,,,0.036036036036036036,,,,,0.009009009009009009,,,,,,,,,,,,,,,,,,,,,,,,,,,,,,,,,,,,,,,,,,,,,,0.018018018018018018,,,,,,,,,,,,,,,0.02702702702702703,,,,,,,,,,,,,,,,,,,,,,,,,,,,,,,,,,
2019-04-30,,,0.008547008547008548,0.15384615384615385,,,,0.10256410256410256,,0.008547008547008548,,,,,0.008547008547008548,0.008547008547008548,,0.017094017094017096,0.02564102564102564,0.05128205128205128,0.008547008547008548,,,0.02564102564102564,0.02564102564102564,0.02564102564102564,,0.05982905982905983,,,,0.008547008547008548,,,,,0.008547008547008548,,0.02564102564102564,0.008547008547008548,,,0.017094017094017096,0.008547008547008548,,,,,,,,,0.02564102564102564,,,,0.02564102564102564,,,,0.008547008547008548,0.02564102564102564,,0.008547008547008548,,,0.008547008547008548,,,,0.008547008547008548,,0.008547008547008548,,,0.008547008547008548,,,,0.008547008547008548,0.017094017094017096,,0.008547008547008548,0.008547008547008548,0.017094017094017096,0.008547008547008548,,,0.008547008547008548,,,,,,,,,,,0.06837606837606838,,,,,0.042735042735042736,,,,,,,,,,,,,,,,,,0.02564102564102564,,,,,,,0.008547008547008548,,,,0.008547008547008548,,,,,,,,,,,,,0.008547008547008548,0.008547008547008548,,,,,,,,,,,,,,,,,,,,0.008547008547008548,,,,,,,,,,,,,,,,,,,,,0.008547008547008548,,,,,,,,,,,,,,,,,,,,,,,,,,,,,,,,,,
2019-05-15,,,,0.08181818181818182,,,0.03636363636363636,0.045454545454545456,,,,,0.045454545454545456,0.045454545454545456,,0.01818181818181818,,,,0.00909090909090909,,,0.03636363636363636,0.02727272727272727,0.05454545454545454,0.00909090909090909,,,,,,,,0.00909090909090909,,,,0.00909090909090909,,,,,,,,,0.00909090909090909,,,,0.045454545454545456,,0.00909090909090909,,,0.01818181818181818,,,0.03636363636363636,0.00909090909090909,0.02727272727272727,,,0.02727272727272727,,,0.03636363636363636,,,,,,,,,,,0.00909090909090909,,,,,,0.16363636363636364,,,,,,,0.01818181818181818,,,0.01818181818181818,,,,,0.00909090909090909,0.01818181818181818,,,,,,,,0.00909090909090909,,,,,,,0.00909090909090909,,,,,,,,,,,,,,,,,,,,,0.00909090909090909,,,,,,,,,,,,,,,,,,,,,,,,,,,,,,,,,,,,,,,,,,,0.00909090909090909,,,,,,,,,,0.05454545454545454,,,,,,0.01818181818181818,,,,,,,0.00909090909090909,,,,,,,,,,,,,,,,,,,,,
2019-05-31,,,,0.12,,,0.048,0.04,,,,,0.032,0.096,,0.008,,0.008,,0.008,,,0.032,0.032,0.04,0.024,,0.024,,,,,,0.008,,,,,,,,,,,,0.008,,,,0.016,0.008,,0.016,,,0.008,,,0.008,,0.008,,,0.008,,,0.024,,,,,,0.016,,,,,,,,,,0.008,0.24,,,,,,,,,,0.008,,,,,,0.016,,,,,,,,,,,,,,,,,,,,,,,,,,,,,,,,,,,,,,,,,,,,,,,,,,,,,,,,0.008,,,,,,,,,,,,,0.008,,,,,,,,,,0.008,,,,,,,,,0.008,0.04,,,,,,,,,,,,,0.008,,,,,,0.008,,,,,,,,,,,,,,,
2019-06-15,,,,0.017543859649122806,,,0.008771929824561403,0.03508771929824561,0.008771929824561403,,,,,,0.03508771929824561,0.02631578947368421,0.017543859649122806,,,0.10526315789473684,0.008771929824561403,,,0.03508771929824561,0.07017543859649122,0.07017543859649122,,0.017543859649122806,,,,,0.008771929824561403,,,,,,,,,,,0.008771929824561403,,,,,,,,,,,,,,,,0.008771929824561403,,,0.02631578947368421,,,,0.02631578947368421,,0.043859649122807015,,,,,,,,,,,,0.008771929824561403,,0.03508771929824561,,,,,,,,,0.06140350877192982,,,,0.008771929824561403,0.008771929824561403,0.017543859649122806,0.02631578947368421,0.043859649122807015,,,0.008771929824561403,,,,,,,,,,,,,0.008771929824561403,,,,,,,0.017543859649122806,,,,,,0.008771929824561403,0.008771929824561403,,,0.017543859649122806,,,,,,,,,,,,,,0.03508771929824561,,,,,,,,,,,,,0.02631578947368421,0.008771929824561403,,,,0.008771929824561403,0.043859649122807015,,0.008771929824561403,,,,,,,,,,,,,,,,,,,,,,,,,,,,,,,,,,,,,,,,,,,,,,0.008771929824561403,,,,,,,,,
2019-06-30,,,,0.01020408163265306,,,0.01020408163265306,0.07142857142857142,,,,,,,0.02040816326530612,0.02040816326530612,0.01020408163265306,,,0.11224489795918367,,,,0.02040816326530612,0.04081632653061224,0.030612244897959183,,0.030612244897959183,0.01020408163265306,,,,,,,,,,0.030612244897959183,,0.02040816326530612,,,,0.01020408163265306,,,,,0.02040816326530612,,,,,,,,,,,,,0.01020408163265306,,,,0.02040816326530612,,0.05102040816326531,,,,,,0.01020408163265306,,0.02040816326530612,,,,0.01020408163265306,,0.030612244897959183,,0.01020408163265306,,,,,0.01020408163265306,,0.030612244897959183,,,,,,,0.04081632653061224,0.04081632653061224,,,0.02040816326530612,,,,,,,,,,,,,,,,,,,,0.05102040816326531,,,,,,,,,,,,0.02040816326530612,,,,,,0.01020408163265306,,,,,,0.02040816326530612,,,,,,,,,,,,,0.02040816326530612,0.01020408163265306,,,,0.030612244897959183,0.04081632653061224,,,,,,,,,,,,,,,,,,,,,,,,,,,,,0.02040816326530612,,,,,,,,,,,,,,,,,,,,,,,,,,,,
2019-07-15,,,0.01,0.03,,,0.01,0.04,,,0.04,,,,0.06,0.04,0.01,0.01,0.09,0.05,0.03,0.02,,0.09,0.04,,,,,,,,,,,,,,,,,,,0.01,0.03,,0.02,,,,,0.01,,,0.02,,,,0.02,,,,,,,,0.07,,,,,,0.01,,,,,,,,,0.01,,,0.01,,,,,,,,,,,,,,,0.01,,,0.04,,,,,,,,,,,,,,0.01,,,,,,,,,,,0.03,,0.01,,,,,,,,,,,,,,,,,,,,,,,,,,0.07,,,,,,,,,,,,,0.01,0.01,,,,,,,,,,,,,,,,,,,,,,,,,,,,,,,,,,,,0.01,,,0.02,,,,,,,,,,,,,,
2019-07-31,0.030927835051546393,,0.020618556701030927,,,,0.020618556701030927,0.030927835051546393,0.010309278350515464,,0.020618556701030927,,0.010309278350515464,,0.030927835051546393,0.041237113402061855,0.010309278350515464,,0.10309278350515463,0.05154639175257732,0.041237113402061855,0.010309278350515464,,0.1134020618556701,0.041237113402061855,,,0.010309278350515464,,,,,,,,,,,,,0.010309278350515464,,0.010309278350515464,,0.020618556701030927,,,,,,,,,,,,,,0.030927835051546393,,,0.010309278350515464,,,,,0.041237113402061855,,0.020618556701030927,,,,,,,,,,,,0.010309278350515464,,,,0.030927835051546393,,,,,,,,,,,0.010309278350515464,,,,,,,0.020618556701030927,,,,,,,,,,,,,,,,,,,,,,,,,0.020618556701030927,,0.020618556701030927,,,,,,,,,0.010309278350515464,,,,,,,,,,,,,,,,,0.08247422680412371,,,,,,,,,,,,,,0.010309278350515464,,,,,,,,0.020618556701030927,,,,,,,,,,,,,,,,,,,,,,,,,,,,0.010309278350515464,,,0.010309278350515464,,,,,,,,,,,,,,
2019-08-15,,,,,0.01834862385321101,,0.009174311926605505,,0.01834862385321101,,0.05504587155963303,,0.009174311926605505,,,,,,0.009174311926605505,0.03669724770642202,,,,,0.06422018348623854,0.07339449541284404,,0.07339449541284404,,,,0.01834862385321101,,,,,0.01834862385321101,,0.027522935779816515,,0.009174311926605505,,0.01834862385321101,,0.009174311926605505,,,,,,,,,,,,0.01834862385321101,,0.06422018348623854,0.01834862385321101,,,,,,,,,,0.01834862385321101,,0.009174311926605505,,0.009174311926605505,,,,0.027522935779816515,0.009174311926605505,,,,,,,,,,,,,0.027522935779816515,,,,,,,,0.027522935779816515,,,,,0.009174311926605505,,,,,,,,,,,,,,0.03669724770642202,,,,0.03669724770642202,,0.01834862385321101,,,,0.045871559633027525,,,,,,,,,,,,,,,,,,0.03669724770642202,,,,,,,0.01834862385321101,,,,,,0.01834862385321101,,,,,,0.01834862385321101,,,,,,,,,,,,,,,,,,,0.03669724770642202,,,0.009174311926605505,,,,,,,,,,0.009174311926605505,0.009174311926605505,,,,,,,,,,,,,,,,,,,,,,,,
2019-08-31,,,,,0.00847457627118644,,0.01694915254237288,0.03389830508474576,0.01694915254237288,0.025423728813559324,0.03389830508474576,,0.0423728813559322,,0.01694915254237288,,,,,0.059322033898305086,,,,0.025423728813559324,0.025423728813559324,0.06779661016949153,,0.059322033898305086,,,,0.01694915254237288,,,,,0.03389830508474576,,0.01694915254237288,,0.00847457627118644,,0.01694915254237288,0.00847457627118644,,,,,,,,,,,,,0.01694915254237288,,0.03389830508474576,,,,,,,,0.0423728813559322,,,0.025423728813559324,,,,0.00847457627118644,0.00847457627118644,,,0.00847457627118644,0.01694915254237288,,,,,,0.01694915254237288,,,,,,,0.00847457627118644,,0.01694915254237288,,,,,,0.01694915254237288,,,0.01694915254237288,,0.03389830508474576,,,,,,,,,,,,,,0.03389830508474576,,,,0.01694915254237288,,,0.00847457627118644,,0.00847457627118644,0.05084745762711865,,,,,,,,,0.00847457627118644,,,,,,,0.00847457627118644,,0.01694915254237288,,,,,,,0.01694915254237288,,,,,,0.00847457627118644,,,,,,,,,,,,,,,,,0.00847457627118644,,,,,,,,0.00847457627118644,,,,,,,,,,,,,,,,,,,,,,,,,,,,,,,,,,,,,,
2019-09-15,,0.014925373134328358,,,,,0.029850746268656716,0.04477611940298507,,,0.029850746268656716,,,0.07462686567164178,,0.029850746268656716,,,0.04477611940298507,0.014925373134328358,0.014925373134328358,,,0.05970149253731343,0.04477611940298507,0.04477611940298507,0.014925373134328358,,,,,,0.014925373134328358,,,,,,0.029850746268656716,,,,0.014925373134328358,,,,,,,,0.029850746268656716,,,,0.029850746268656716,0.07462686567164178,,,,,,,,,,,0.1044776119402985,,0.014925373134328358,0.014925373134328358,,,,,,,,,,,,,,,0.014925373134328358,,,,,,,0.014925373134328358,,,,,,,,,,,,,,0.04477611940298507,0.04477611940298507,,,,,,,,,,,,,,0.014925373134328358,,,,,,,,,,,,,,,,,,,,,,,,0.029850746268656716,,,,,,,,,,,,,,,,,,,,,,,,,,,,0.014925373134328358,,,,,,,,,,,0.014925373134328358,,,,,,,,,,,,,,0.014925373134328358,,,,,,,,,,,,,,,,,,,,,,,,,
2019-09-30,,0.011111111111111112,0.022222222222222223,,,0.022222222222222223,0.011111111111111112,0.044444444444444446,0.022222222222222223,,0.022222222222222223,,,0.05555555555555555,0.011111111111111112,0.05555555555555555,,,0.07777777777777778,,0.011111111111111112,,,0.022222222222222223,0.05555555555555555,0.06666666666666667,0.011111111111111112,,,,,,,,,,,,,,,0.044444444444444446,,,,,0.05555555555555555,,,,0.022222222222222223,,,,,0.011111111111111112,,,,,0.022222222222222223,,,,,,0.044444444444444446,,,,,,0.03333333333333333,,0.011111111111111112,0.011111111111111112,,0.011111111111111112,,,,,,,,,,,,,0.011111111111111112,0.011111111111111112,,,,,0.011111111111111112,,,,0.011111111111111112,,,0.022222222222222223,,0.011111111111111112,0.011111111111111112,,,,,0.011111111111111112,,0.011111111111111112,,,,,,,0.011111111111111112,,,,,,,,,,,,,,,,,,0.044444444444444446,,,,,,,,,,,,,,,,,,,,,,,,,,,,,0.011111111111111112,,,,,,,,,,,,,,,,,,,,,,,,,,,0.022222222222222223,,,,,,,,,,,,,,,,,0.011111111111111112,,,,,,,,,,,
2019-10-15,0.008928571428571428,0.026785714285714284,,0.07142857142857142,,0.008928571428571428,0.017857142857142856,0.03571428571428571,,,,0.017857142857142856,0.008928571428571428,0.017857142857142856,0.008928571428571428,0.017857142857142856,,,0.008928571428571428,0.03571428571428571,,,0.008928571428571428,0.03571428571428571,0.017857142857142856,,,0.05357142857142857,,,,0.008928571428571428,,0.008928571428571428,,,,,,,0.008928571428571428,,0.017857142857142856,,,,,,,,,0.008928571428571428,,0.008928571428571428,0.008928571428571428,,,,0.008928571428571428,0.008928571428571428,0.017857142857142856,,,,,,0.07142857142857142,,0.008928571428571428,,0.008928571428571428,,,,0.017857142857142856,,,,,,,,,,0.026785714285714284,0.008928571428571428,0.03571428571428571,,0.008928571428571428,,,,,0.008928571428571428,,,,,0.017857142857142856,,,,,,0.026785714285714284,,,,,,,,0.017857142857142856,,,,,,,,,,,,,,,,0.008928571428571428,0.017857142857142856,,,,,,,,,0.026785714285714284,,,0.044642857142857144,,,,,0.008928571428571428,,0.026785714285714284,,,,,,,0.05357142857142857,,,,0.008928571428571428,,,,,,,,0.017857142857142856,,,,,,,,,,,,,,,0.008928571428571428,,,,,,,,,,,,,,,,,,0.008928571428571428,,,,,,,,,,,,,,,,,,,,,,
2019-10-31,,0.008620689655172414,,0.10344827586206896,,0.017241379310344827,0.02586206896551724,0.02586206896551724,,,,0.017241379310344827,,0.017241379310344827,0.04310344827586207,0.008620689655172414,,,0.017241379310344827,0.05172413793103448,,,0.008620689655172414,0.034482758620689655,0.017241379310344827,0.008620689655172414,,0.04310344827586207,,,,,,0.034482758620689655,0.008620689655172414,,,,,,,,0.034482758620689655,,0.008620689655172414,,0.008620689655172414,,,,,,,,0.008620689655172414,,,,0.034482758620689655,0.017241379310344827,0.008620689655172414,,,,,,0.04310344827586207,,0.05172413793103448,,,,,,,0.017241379310344827,,0.008620689655172414,,,,,,,0.017241379310344827,,0.008620689655172414,,0.017241379310344827,,,,,,0.02586206896551724,,,,0.008620689655172414,,,,,,0.008620689655172414,,,,,,,,0.017241379310344827,,,,,,,,,,,,,,,,0.008620689655172414,0.017241379310344827,,,,,,,,,,0.008620689655172414,,0.034482758620689655,,,,,0.017241379310344827,,,,,,,,,0.008620689655172414,,,,,,,,,,,,0.008620689655172414,,,,,,,0.02586206896551724,,,,,,,,0.017241379310344827,,,,,,,,,,,,,,,,,,0.017241379310344827,,,,,,,,,,,,,,,,,,,,,,
2019-11-15,0.006211180124223602,,,0.012422360248447204,,,,0.06832298136645963,,0.006211180124223602,,0.006211180124223602,0.012422360248447204,,0.018633540372670808,0.006211180124223602,,,0.024844720496894408,0.018633540372670808,,,0.018633540372670808,0.09937888198757763,0.024844720496894408,0.043478260869565216,,0.049689440993788817,,,,,,,,,0.006211180124223602,,0.006211180124223602,,,,0.012422360248447204,0.006211180124223602,,,,,,,0.024844720496894408,,,,,0.024844720496894408,,,,0.062111801242236024,0.006211180124223602,,,0.006211180124223602,,,0.055900621118012424,,,0.006211180124223602,,0.006211180124223602,0.024844720496894408,,0.012422360248447204,,,,,,0.006211180124223602,,,,0.006211180124223602,,,,,,,,,,,0.031055900621118012,,,,0.024844720496894408,,,,,,,,,,,,,,0.018633540372670808,,,,,,0.012422360248447204,,,,,,,,,0.012422360248447204,0.012422360248447204,,,,0.024844720496894408,,,,,,,,,,0.012422360248447204,,,,,,,,0.006211180124223602,,,,,0.024844720496894408,0.006211180124223602,,,,,,,0.018633540372670808,0.031055900621118012,0.006211180124223602,0.006211180124223602,,,,0.012422360248447204,,,,,,,,0.006211180124223602,0.012422360248447204,,,,,,,,0.018633540372670808,,,,,,,,0.006211180124223602,,,,,,,,,,,,,,,,,,0.006211180124223602,,,,,,,,
2019-11-30,,,,0.037037037037037035,,0.018518518518518517,0.006172839506172839,0.06172839506172839,,0.030864197530864196,,0.018518518518518517,0.006172839506172839,,0.030864197530864196,,,,0.030864197530864196,0.04938271604938271,,,0.04938271604938271,0.05555555555555555,0.024691358024691357,0.043209876543209874,,0.06172839506172839,,,0.006172839506172839,,,,,,0.006172839506172839,,,,,,,0.018518518518518517,,,,,,,0.006172839506172839,,,,,0.012345679012345678,,,0.006172839506172839,0.018518518518518517,0.012345679012345678,,,0.006172839506172839,,,0.018518518518518517,,,0.012345679012345678,0.012345679012345678,,0.030864197530864196,,0.006172839506172839,0.006172839506172839,,,,,,,,,0.006172839506172839,,0.006172839506172839,,0.006172839506172839,,,,,,,0.024691358024691357,,,,0.037037037037037035,,,,,,0.006172839506172839,,,,,,,,0.006172839506172839,,,,,,,,,,0.006172839506172839,,,,,0.037037037037037035,0.006172839506172839,,,,0.024691358024691357,,,,,,,,,,0.012345679012345678,0.006172839506172839,,,,,,,,,,,,0.006172839506172839,,,,,,0.006172839506172839,0.012345679012345678,0.012345679012345678,0.006172839506172839,0.006172839506172839,,,,,0.018518518518518517,,,,,,,,0.006172839506172839,0.006172839506172839,,,,,,,,0.006172839506172839,,,,,,,0.006172839506172839,0.006172839506172839,,,,,,,,,,,,,,,,,,0.012345679012345678,,,,,,,,
2019-12-15,,0.009009009009009009,0.018018018018018018,0.18018018018018017,,,0.036036036036036036,0.009009009009009009,,,,,0.009009009009009009,,0.009009009009009009,,,,,0.009009009009009009,,,,0.05405405405405406,0.036036036036036036,,,0.009009009009009009,,,,,,,0.009009009009009009,,,,,0.009009009009009009,,,,0.05405405405405406,0.018018018018018018,,0.07207207207207207,,,,,,,,0.02702702702702703,,,,,,,,,,,,0.02702702702702703,,,,,,0.018018018018018018,0.018018018018018018,0.04504504504504504,,,,,0.018018018018018018,0.009009009009009009,,,,,,,0.06306306306306306,,,,,,0.009009009009009009,,0.009009009009009009,,0.009009009009009009,,,,,,,,,,,,,,,,,,,,,,,,,,,,,,,0.02702702702702703,,,,,,,,,,,,,,,,,,,,,,0.009009009009009009,0.009009009009009009,,,,,0.018018018018018018,,,,,0.009009009009009009,,,,0.018018018018018018,,,,,,,,0.02702702702702703,,,0.02702702702702703,,,,,,,,,,,,0.009009009009009009,,,,,,,,,,,0.018018018018018018,,,,,,0.036036036036036036,,,,,,,,,,,,,,,,,
2019-12-31,0.0072992700729927005,0.0072992700729927005,,0.1386861313868613,,,0.014598540145985401,0.014598540145985401,,,,,0.0072992700729927005,,,,,,0.014598540145985401,,,,,0.014598540145985401,0.021897810218978103,0.029197080291970802,,,0.014598540145985401,,,,,0.0072992700729927005,,,,,,0.0072992700729927005,,,,0.0364963503649635,0.043795620437956206,,0.029197080291970802,0.0072992700729927005,,,,,,,0.021897810218978103,,,0.0072992700729927005,,0.0072992700729927005,,0.0072992700729927005,,,,,0.0364963503649635,0.0072992700729927005,,,,,0.0072992700729927005,0.0072992700729927005,0.021897810218978103,,,,,0.014598540145985401,0.0072992700729927005,,,,,,,0.0364963503649635,,0.0072992700729927005,0.0072992700729927005,,,0.014598540145985401,,0.0072992700729927005,,0.043795620437956206,,,,0.0072992700729927005,,,,,,,,,,,,,0.014598540145985401,,,,0.0072992700729927005,,,,,,,,,,0.029197080291970802,,,,,,,,,,,,,,,,,,,,,,,,,0.029197080291970802,,,0.014598540145985401,,,,,,,,,0.014598540145985401,,,,,,,,0.029197080291970802,,,0.0364963503649635,,0.0072992700729927005,,,,,,,,,,0.021897810218978103,,,,,,,,,0.0072992700729927005,,0.043795620437956206,,,,,,0.058394160583941604,,,,,,,,,,,,,,,,,
2020-01-15,,,,0.045454545454545456,,,0.045454545454545456,0.11363636363636363,,,,0.007575757575757576,,,,0.007575757575757576,,,,0.022727272727272728,,,,0.007575757575757576,0.03787878787878788,,0.022727272727272728,,,,0.015151515151515152,,0.007575757575757576,,,,,,,,0.03787878787878788,0.007575757575757576,,0.007575757575757576,,,0.09090909090909091,0.007575757575757576,,0.007575757575757576,,,,,,,,,0.015151515151515152,,0.06060606060606061,0.007575757575757576,,,,,0.022727272727272728,0.015151515151515152,0.007575757575757576,0.05303030303030303,,,,,0.007575757575757576,,,,,,,0.007575757575757576,,,0.06060606060606061,,,,,,,0.007575757575757576,,0.007575757575757576,0.022727272727272728,,,,,,,,,,,,,0.007575757575757576,,,,,,,,,,,,,,,0.007575757575757576,,,,,0.030303030303030304,,0.03787878787878788,,,,,,,,,,,,,,,,,,,,,,,,0.007575757575757576,,,,,,,,,0.015151515151515152,,,,,,0.03787878787878788,,,0.015151515151515152,,,,,,,,,,,,,,,,,0.030303030303030304,,,,,0.015151515151515152,,,,,,,,,,,0.007575757575757576,,,,,,,,,,,,,,,,,,
2020-01-31,,,,0.024096385542168676,,,0.09036144578313253,0.03614457831325301,,0.012048192771084338,,,0.012048192771084338,,,,,,,0.006024096385542169,,,,0.006024096385542169,0.08433734939759036,0.024096385542168676,,,,,0.060240963855421686,,,,,,,,,,0.024096385542168676,0.018072289156626505,,0.012048192771084338,0.006024096385542169,,0.07228915662650602,0.006024096385542169,,,,,,,,,,,0.006024096385542169,,0.06626506024096386,0.04216867469879518,0.012048192771084338,,,,0.03614457831325301,,,0.024096385542168676,,,,,0.012048192771084338,,,,,,,,,,0.03614457831325301,,,,,,0.006024096385542169,0.024096385542168676,,,0.030120481927710843,,,,,,0.012048192771084338,,,,,,,,,,,,,,,,,,,,,,,,,0.006024096385542169,,0.10843373493975904,,0.006024096385542169,,,,,0.006024096385542169,,,,,,,,,,,,,,,,,,,,,,,,,,0.030120481927710843,,0.006024096385542169,,,,,,0.018072289156626505,,,0.006024096385542169,,,,,,,,,,,0.006024096385542169,,,,,,,,,,,,,,,,,,,,,,0.006024096385542169,,,,,,,,,,,,,,,,,,
2020-02-15,,,0.0064516129032258064,0.04516129032258064,,0.0064516129032258064,0.0064516129032258064,0.025806451612903226,0.012903225806451613,,0.0064516129032258064,,0.0064516129032258064,0.03225806451612903,0.03225806451612903,0.04516129032258064,,,0.0064516129032258064,0.14193548387096774,0.0064516129032258064,,,0.07741935483870968,0.0064516129032258064,0.0064516129032258064,0.012903225806451613,0.05806451612903226,,,,0.0064516129032258064,,,,,,0.0064516129032258064,,,,,,0.0064516129032258064,,,0.01935483870967742,,,,,,,,0.05161290322580645,0.0064516129032258064,,,0.03225806451612903,0.025806451612903226,,,,,,,0.1032258064516129,,0.0064516129032258064,,,0.0064516129032258064,0.0064516129032258064,,,,0.0064516129032258064,,,,,0.0064516129032258064,,,,,0.0064516129032258064,,0.07096774193548387,,0.0064516129032258064,,,0.012903225806451613,,,0.012903225806451613,,,,,,,,,,,,,,,,,,,,,0.0064516129032258064,,,,,,,,,,,,,0.0064516129032258064,,,,,0.0064516129032258064,0.0064516129032258064,,0.0064516129032258064,,,,,,,,0.0064516129032258064,,,,,,,,,,,,,,,,,,,,,,,,,,,,,,,,0.0064516129032258064,,,,0.0064516129032258064,,,,,,,0.0064516129032258064,,,,,,,,,,,,,,,,,,,,,,,,,,,,,,,,,
2020-02-29,,,,0.02830188679245283,,,0.018867924528301886,0.04716981132075472,0.009433962264150943,,0.018867924528301886,0.009433962264150943,,0.04716981132075472,0.018867924528301886,0.03773584905660377,,0.009433962264150943,,0.16981132075471697,0.009433962264150943,,,0.14150943396226415,,,,0.03773584905660377,,,,0.009433962264150943,,,,,,,,,,,,0.009433962264150943,0.02830188679245283,,0.02830188679245283,,,,0.009433962264150943,,,,0.018867924528301886,0.009433962264150943,,,0.009433962264150943,,,,0.009433962264150943,,,,0.10377358490566038,,0.03773584905660377,,,,0.009433962264150943,,,,,,,,0.009433962264150943,,,,,,,,0.03773584905660377,,,,,0.02830188679245283,,,,,,,,,,,,,,,,,,,,,,,,,,,,,,,,,,,0.009433962264150943,,,,,,,,,,0.009433962264150943,,,,,,,,,,,,,,,,,,,,,,,,,,,,,,,,,,,,,,,,,0.009433962264150943,,,,,,,,,,0.009433962264150943,,,,,,,,,,,,,,,,,,,,,,,,,,,,,,,,,
2020-03-15,,,0.009433962264150943,0.02830188679245283,,,0.10377358490566038,,,0.09433962264150944,0.02830188679245283,,0.03773584905660377,0.009433962264150943,0.009433962264150943,,,0.018867924528301886,,0.02830188679245283,,,,0.0660377358490566,0.02830188679245283,0.009433962264150943,,,,0.02830188679245283,,,,,,,0.02830188679245283,,,0.018867924528301886,,,0.009433962264150943,,0.018867924528301886,,0.018867924528301886,,,,,0.009433962264150943,,,,,,,,,0.05660377358490566,,,,,,0.03773584905660377,0.018867924528301886,,0.018867924528301886,,,,,,,,,,,,,,,,,,0.009433962264150943,,,,,,,,0.009433962264150943,,,0.02830188679245283,,,,,,,,,,,,,,,,,,,,,,,,,,,,,,,,,,,,,,,,,,,,,,,,0.009433962264150943,,,,,,,,,,,,,,,,,,,0.07547169811320754,,,0.009433962264150943,,,0.0660377358490566,0.009433962264150943,,,,0.009433962264150943,,0.009433962264150943,,,,,,,0.018867924528301886,,,,,,,,,,,,,,,,,,,,,,,,,,,,,,,,0.009433962264150943,,,,,
2020-03-31,,,0.024193548387096774,0.04032258064516129,,,0.06451612903225806,,,0.03225806451612903,,,0.04032258064516129,,0.008064516129032258,,0.03225806451612903,0.024193548387096774,,,,0.008064516129032258,,0.08870967741935484,0.04032258064516129,0.008064516129032258,,0.024193548387096774,,,,,,,,,0.04032258064516129,0.016129032258064516,0.016129032258064516,0.008064516129032258,,,0.008064516129032258,,0.016129032258064516,,0.056451612903225805,,,,,0.008064516129032258,,,,,,,,,0.04838709677419355,,,,,,0.04032258064516129,0.008064516129032258,,0.008064516129032258,,,,,,,,,,,0.008064516129032258,,,,,,,0.016129032258064516,0.008064516129032258,,,,,,,,0.008064516129032258,,0.008064516129032258,,,,,,,,,0.008064516129032258,,,,,,,,,0.008064516129032258,,,,,,,,,,,,,,,,,,,,,,,,,0.016129032258064516,,,,,0.03225806451612903,,,,0.008064516129032258,,,,,,,,,,0.008064516129032258,,,,,0.08870967741935484,,,,,,,0.008064516129032258,,,,,,0.016129032258064516,,,,,,,0.024193548387096774,,,,,,,,,,,,,,,,,,,,,,,,,,,,,,,,0.016129032258064516,,,0.008064516129032258,,
2020-04-15,,,0.010638297872340425,0.09574468085106383,,0.010638297872340425,0.02127659574468085,0.0425531914893617,0.010638297872340425,0.031914893617021274,,,,,,0.010638297872340425,,,,0.07446808510638298,0.02127659574468085,,,0.05319148936170213,0.010638297872340425,0.010638297872340425,,,,,,,,,,,,,,0.02127659574468085,,,,,0.010638297872340425,,0.010638297872340425,,,,,,,,0.010638297872340425,,0.010638297872340425,,,,0.010638297872340425,0.010638297872340425,,,,,0.02127659574468085,,,0.031914893617021274,,,0.010638297872340425,,,0.02127659574468085,,,,0.010638297872340425,,,,,0.010638297872340425,0.010638297872340425,,,,,0.010638297872340425,0.031914893617021274,,,,,,0.010638297872340425,,0.06382978723404255,,,,,0.07446808510638298,,,,,,,,,,,,,,,0.010638297872340425,,,0.031914893617021274,,,,,0.031914893617021274,,,,,,,0.010638297872340425,,,,,,,,,,,,0.031914893617021274,,,,,,,,,,,,,,,,,,,,,,0.031914893617021274,,,,,0.02127659574468085,,,,,,,,,,,,,,,0.031914893617021274,,,,,,,,,,,,,,,,,,,,,,,,,,,,,,,,,,
2020-04-30,,,0.011904761904761904,0.14285714285714285,,,0.011904761904761904,0.05952380952380952,,0.023809523809523808,,,,,0.011904761904761904,,,0.011904761904761904,,0.05952380952380952,0.023809523809523808,,,0.03571428571428571,,0.023809523809523808,,0.023809523809523808,,,,,,,,,,,0.011904761904761904,0.023809523809523808,,,,,0.011904761904761904,,0.011904761904761904,,,,,0.011904761904761904,,,,,0.03571428571428571,,,,,0.023809523809523808,,0.011904761904761904,,,,,,,0.011904761904761904,,0.011904761904761904,,,0.05952380952380952,,,,,0.023809523809523808,,,,0.011904761904761904,0.011904761904761904,,,,,,0.011904761904761904,,,,,,,,0.03571428571428571,,,,,0.08333333333333333,,,,,,,,,,,,,,,,,,0.03571428571428571,,,,,0.03571428571428571,,,,,,0.011904761904761904,,,,,,,,,,,,,0.03571428571428571,,,,,,,,,,,,,,,,,,,,,,,,,,,,,,,,,,,0.011904761904761904,,,,,,,0.023809523809523808,,,,,,,,,,,,,,,,,,,,,,,,,,,,,,,,,,
2020-05-15,,,,0.06382978723404255,,,0.06382978723404255,0.010638297872340425,,,,,0.0425531914893617,,,0.010638297872340425,,,,0.031914893617021274,0.010638297872340425,,0.0425531914893617,0.010638297872340425,0.0851063829787234,0.010638297872340425,,,,,,,,,,,,,0.031914893617021274,0.010638297872340425,,,,,0.010638297872340425,,0.02127659574468085,,,,0.0425531914893617,0.010638297872340425,,,,,,,0.02127659574468085,,0.05319148936170213,,,0.02127659574468085,,,,,,,,,,,,,,0.02127659574468085,0.010638297872340425,,,,,0.2127659574468085,,,,,,,0.02127659574468085,,,0.02127659574468085,,,,,0.010638297872340425,0.02127659574468085,,,,,,,,,,,,,,,,,,,,,,,,,,,,,,,,,,,,0.010638297872340425,,,,,,,,,,,,,,,,,,,,,,,,,,,,,,,,,,0.010638297872340425,,,,,,,,0.010638297872340425,,,,,,,,,,,0.031914893617021274,,,,,,,,,,,,,0.010638297872340425,,,,,,,,,,,,,,,,,,,,,
2020-05-31,,,,0.09302325581395349,,,0.07751937984496124,0.015503875968992248,,,0.015503875968992248,,0.023255813953488372,,,0.007751937984496124,,,,0.023255813953488372,0.007751937984496124,,0.023255813953488372,,0.06976744186046512,0.031007751937984496,,0.03875968992248062,,,,,,0.007751937984496124,,,,,0.015503875968992248,0.03875968992248062,,,,,0.015503875968992248,0.007751937984496124,0.015503875968992248,,,0.007751937984496124,0.007751937984496124,,,,,0.007751937984496124,,,0.023255813953488372,,0.023255813953488372,,,,0.015503875968992248,,0.015503875968992248,,,,,,0.015503875968992248,,,,,0.007751937984496124,0.007751937984496124,,,,0.007751937984496124,0.24031007751937986,,,,,,,0.015503875968992248,,,0.007751937984496124,,,,,,0.007751937984496124,,,,,,,,,,,,,,,,,,,,,,,,,,,,,,,,,,,,,,,,,,,,,,,,,,,,,,,,,,,,,,,,,,,,,,0.031007751937984496,,,,,,,,,0.007751937984496124,,,,,,,,,0.007751937984496124,,,,,,,,,,,,,,,,,,,,0.007751937984496124,,,,,,,,,,,0.007751937984496124,,,,
2020-06-15,,,,0.007874015748031496,,,0.023622047244094488,0.07086614173228346,0.023622047244094488,,,,,,0.023622047244094488,0.03937007874015748,0.015748031496062992,,,0.047244094488188976,0.007874015748031496,,,0.047244094488188976,0.07874015748031496,,,0.007874015748031496,,,,,,,,,0.007874015748031496,,,,0.007874015748031496,,,0.015748031496062992,,0.007874015748031496,0.023622047244094488,,,,,,,,,,,,,0.007874015748031496,0.007874015748031496,,0.007874015748031496,0.007874015748031496,,,0.015748031496062992,,0.03937007874015748,0.007874015748031496,,,,0.015748031496062992,0.007874015748031496,,,,,,0.007874015748031496,,,,,,,,,0.023622047244094488,0.05511811023622047,,0.007874015748031496,,,0.023622047244094488,,0.007874015748031496,0.023622047244094488,0.007874015748031496,,,0.007874015748031496,,,0.007874015748031496,,,,,0.06299212598425197,,,,,0.007874015748031496,,,,,0.015748031496062992,,,,,,,,0.007874015748031496,0.007874015748031496,,0.015748031496062992,,,,,,,0.015748031496062992,,,,0.023622047244094488,,,,,,,,,,,,,,,,,0.007874015748031496,0.015748031496062992,,,,0.015748031496062992,0.03937007874015748,,,,,,,,,,,,,,,,,,,,,,,,,,,,,0.007874015748031496,,,,,,,,,,,,,,,,,,,0.007874015748031496,,,,,,,,,
2020-06-30,,,,,,,0.008849557522123894,0.07079646017699115,0.017699115044247787,,,,,,0.017699115044247787,0.008849557522123894,,,,0.061946902654867256,,,,0.05309734513274336,0.05309734513274336,,,0.008849557522123894,0.008849557522123894,,0.017699115044247787,,,,,,0.008849557522123894,,0.035398230088495575,,0.017699115044247787,,,0.008849557522123894,,,0.008849557522123894,,,0.008849557522123894,,0.008849557522123894,,,,,,,,,,,0.008849557522123894,0.008849557522123894,0.008849557522123894,,0.017699115044247787,,0.035398230088495575,,,,,0.017699115044247787,0.008849557522123894,,0.035398230088495575,,,0.008849557522123894,0.02654867256637168,,,,,,,,,0.008849557522123894,0.02654867256637168,,0.008849557522123894,0.008849557522123894,,,,0.008849557522123894,0.04424778761061947,0.02654867256637168,,,0.017699115044247787,,,0.017699115044247787,,,,,0.02654867256637168,,,,0.008849557522123894,,,,,,0.04424778761061947,,,,,,,,,,,,,,0.008849557522123894,,,,0.008849557522123894,,,,,,,,,,,,,,,,,,,,,0.008849557522123894,0.035398230088495575,,,,0.017699115044247787,0.04424778761061947,,0.008849557522123894,,,,,,,,,,,,,,,,,,,,,,,,,,,0.017699115044247787,,,,,,,,,,,,,,,,,,,,,,,,,,,,
2020-07-15,,,0.010752688172043012,,,,0.021505376344086023,0.053763440860215055,,,0.08602150537634409,,,,0.043010752688172046,0.010752688172043012,0.010752688172043012,,0.15053763440860216,0.053763440860215055,0.03225806451612903,,,0.03225806451612903,0.03225806451612903,,,,,,,,0.010752688172043012,,,,,,,0.010752688172043012,,,,0.010752688172043012,0.043010752688172046,,,,,,,0.021505376344086023,,,0.010752688172043012,,,,0.03225806451612903,,,0.021505376344086023,0.010752688172043012,,,,0.043010752688172046,,,,,,0.010752688172043012,,,,,,,,,0.010752688172043012,,,0.010752688172043012,,,0.043010752688172046,,,,,,,,,,,,0.010752688172043012,,,0.021505376344086023,,,,,,,,,,,,,,,,,,0.03225806451612903,,,,,,,,,,,,,,,,,,,,,,,,,,,,,,,,,,,0.07526881720430108,0.010752688172043012,,,,,,,,,,,,,,,,,,,,,,,,,,,,,,,,0.010752688172043012,,,,,,,,,,,,,,,,,0.010752688172043012,,,,,,,,,,,,,,,,,
2020-07-31,,,0.010309278350515464,,,,0.041237113402061855,0.05154639175257732,0.020618556701030927,0.010309278350515464,0.030927835051546393,,,,0.041237113402061855,0.030927835051546393,0.010309278350515464,,0.13402061855670103,0.05154639175257732,,0.020618556701030927,,0.030927835051546393,0.030927835051546393,,,,,,,,,,,,,,,,,,0.010309278350515464,,0.020618556701030927,,,,,,,,,,,,,,0.020618556701030927,,,0.020618556701030927,0.010309278350515464,,,,0.020618556701030927,0.010309278350515464,0.030927835051546393,,,,0.010309278350515464,,,,,0.010309278350515464,,,,,,,0.030927835051546393,,,,,0.010309278350515464,,,,,,,,,,,,,0.030927835051546393,,,,,,,,,,,,,,,0.010309278350515464,,,0.05154639175257732,,,,,,,0.010309278350515464,,0.010309278350515464,,,,,,,,,,,,,,,0.010309278350515464,,,,,,0.010309278350515464,,,,,0.10309278350515463,,,,,,,,,,,,,0.010309278350515464,,,,,,,,,,,,,,,,,,,,,,,,,,,,,,,,,,,,,,,,,,,0.030927835051546393,,,,,,,,,,,
2020-08-15,,,,,,,,,0.007874015748031496,,0.007874015748031496,,0.015748031496062992,0.007874015748031496,,,,,0.015748031496062992,0.047244094488188976,,,,,0.047244094488188976,0.06299212598425197,,0.031496062992125984,,,,0.007874015748031496,,,,,,,0.023622047244094488,,,,0.007874015748031496,0.023622047244094488,,,0.007874015748031496,,,,,,0.031496062992125984,,,,0.023622047244094488,,0.07874015748031496,,,,,,,,0.06299212598425197,,0.023622047244094488,0.007874015748031496,,0.03937007874015748,,0.007874015748031496,0.015748031496062992,0.015748031496062992,,0.05511811023622047,,0.007874015748031496,,,,,0.007874015748031496,,,,,0.023622047244094488,,0.015748031496062992,,,,,,,0.007874015748031496,0.031496062992125984,,,,,,,,,,,,,,,,,0.015748031496062992,,0.015748031496062992,,,,0.047244094488188976,,0.007874015748031496,,,,0.031496062992125984,,,,,,,,,,,,,,,,,0.015748031496062992,0.007874015748031496,,,,,,,0.015748031496062992,,,,,,0.007874015748031496,,,,,,0.023622047244094488,,,,,,,,,,,,,,,,,,,0.015748031496062992,,,,,,,0.007874015748031496,0.007874015748031496,,,,,,,,,,,,,,,,,0.007874015748031496,,,,,,,,,,,,,
2020-08-31,,,,0.015625,,,0.046875,0.0078125,0.015625,0.0078125,,,0.015625,,,0.03125,,,0.0078125,0.0703125,,,,0.0234375,0.0234375,0.0703125,,0.015625,,,,0.015625,,,,,0.015625,,,,,,,0.0546875,,,0.015625,,,0.015625,,,0.015625,,,,0.015625,,0.03125,,,,,,,,0.0625,,0.03125,0.0078125,,0.0546875,,0.0078125,0.015625,0.0078125,,0.015625,,0.0078125,,,,,0.0078125,,,,,0.015625,,0.0078125,,0.015625,,,,,,0.0078125,,,,,,,,,,,,,,,,,0.0078125,,0.0234375,,,,0.03125,,0.0078125,,,,0.0390625,,,,,,,,,0.0078125,,,,,,0.0078125,,,,,,,,,,0.015625,,,,,,,,,,,,0.03125,,,,,,,,,,,,,,,,,0.015625,,0.015625,,,,,,,,,,,,,,,,,,,,,,,,,,,,,,,,,,,,,,
2020-09-15,0.010101010101010102,,0.010101010101010102,,,,0.08080808080808081,0.04040404040404041,0.020202020202020204,0.020202020202020204,0.050505050505050504,,,,,0.030303030303030304,,,0.020202020202020204,,,0.010101010101010102,,0.06060606060606061,0.010101010101010102,0.030303030303030304,0.010101010101010102,,,,,,0.010101010101010102,,,,,,,0.04040404040404041,,,,,0.010101010101010102,,,,,,0.030303030303030304,,,,0.010101010101010102,0.04040404040404041,,,,,,,,,,,0.1414141414141414,,0.010101010101010102,0.010101010101010102,0.010101010101010102,0.010101010101010102,,0.010101010101010102,,,,,,,,,,,,,0.010101010101010102,,,,,0.010101010101010102,,,0.030303030303030304,,,,,,,,,,0.020202020202020204,,0.0707070707070707,,,,0.010101010101010102,,,,,,,,,,0.030303030303030304,,,,,,,,,,,,,,,,,,0.010101010101010102,,,,,,0.010101010101010102,,,,,,,,,,,,,,,,,,,,,0.010101010101010102,,,,,,0.010101010101010102,0.010101010101010102,,,,,,,,,,,,,,,,,,,0.020202020202020204,,,0.010101010101010102,,,,,,,,,,,,,,,,,,,,,,,,,,,,
2020-09-30,0.008333333333333333,,0.008333333333333333,,,0.008333333333333333,0.025,0.05,0.016666666666666666,0.008333333333333333,0.016666666666666666,,,,,0.041666666666666664,,,0.041666666666666664,0.016666666666666666,,,,0.025,0.05,0.058333333333333334,0.008333333333333333,,,,,,0.016666666666666666,,,,,,,0.05,,,,,,,0.058333333333333334,,,,0.008333333333333333,,,,,0.008333333333333333,,,0.008333333333333333,0.008333333333333333,0.008333333333333333,,,,,0.008333333333333333,0.1,,,0.008333333333333333,0.025,,0.016666666666666666,,0.016666666666666666,0.008333333333333333,,0.016666666666666666,,,,,0.008333333333333333,,,,0.008333333333333333,,,,,0.008333333333333333,,,,,,0.008333333333333333,,,,,,,0.008333333333333333,,0.03333333333333333,,,,,0.008333333333333333,,,,,,,,0.016666666666666666,0.03333333333333333,,,,,,,,,,,,,,,,,,0.05,,,,,,,,,,,,,,,,,,,,,,,,,,,,0.008333333333333333,0.008333333333333333,,,,0.008333333333333333,,,,,,,,,,,,,,,,,,,,0.008333333333333333,,,0.025,,,,,,,,,,,,,,,,,0.008333333333333333,,,,,,,,,,,
2020-10-15,,0.026490066225165563,0.019867549668874173,0.07947019867549669,0.006622516556291391,,0.026490066225165563,0.033112582781456956,,,,0.013245033112582781,0.006622516556291391,0.013245033112582781,0.019867549668874173,0.013245033112582781,,,,0.046357615894039736,,,0.006622516556291391,0.039735099337748346,0.006622516556291391,,,0.013245033112582781,,,0.006622516556291391,,0.09933774834437085,,,,,,,,0.006622516556291391,,0.006622516556291391,,,,0.019867549668874173,,,,,0.006622516556291391,,,,0.006622516556291391,,,0.006622516556291391,0.026490066225165563,0.006622516556291391,,0.013245033112582781,,,,0.033112582781456956,,0.006622516556291391,,0.019867549668874173,,,,,0.026490066225165563,,,,,,0.006622516556291391,,,0.019867549668874173,0.006622516556291391,0.033112582781456956,,,,,,,0.006622516556291391,,,,,0.013245033112582781,,,,,,0.013245033112582781,,,,,,,,0.006622516556291391,,,,,,,,,,,,,,,,,,,,,,,,,,,,,0.019867549668874173,,,,,0.013245033112582781,,0.039735099337748346,,,,,,,0.046357615894039736,,,,0.006622516556291391,,,,,,,,0.013245033112582781,0.006622516556291391,,0.006622516556291391,0.006622516556291391,,,,,,,,,,0.006622516556291391,0.013245033112582781,,,,,,0.019867549668874173,,0.006622516556291391,,,,,,,,,,0.019867549668874173,,,0.006622516556291391,,,,,,,,,,,,,,,,,,,
2020-10-31,,0.01875,,0.05,0.01875,,0.01875,0.05625,,,,0.0125,,0.0125,0.0375,0.01875,,,0.0125,0.0375,,,0.00625,0.0375,0.05,,,0.0125,0.00625,,,,0.04375,,0.0125,,,,,,,,0.03125,,0.00625,,,,,,,,0.00625,,,0.00625,,,0.025,0.025,0.01875,,0.025,,,,0.025,,0.05,,0.00625,,,,0.025,0.00625,,0.00625,,,,0.0125,,,0.025,,0.00625,,0.00625,0.00625,,,,0.00625,0.01875,,,,0.00625,,,,,,0.0125,,,,,,,,0.01875,,,,,,,,,,,,,,,,,,,,,,,,,,,0.00625,,0.01875,,,,,0.0125,,0.03125,,,,,,,0.0125,,,,0.00625,,,,,,,,0.00625,,,0.00625,,,,0.0125,,,,,,,,0.0125,,,,,,0.00625,,,,,,,,,,,,0.025,,,,,,,,,,,,,,,,,,,,,,
2020-11-15,0.004545454545454545,,,0.031818181818181815,,,,0.06363636363636363,,0.004545454545454545,,0.004545454545454545,0.00909090909090909,0.00909090909090909,0.00909090909090909,,,,0.013636363636363636,0.04090909090909091,,,0.031818181818181815,0.10909090909090909,0.06363636363636363,0.14545454545454545,,0.02727272727272727,,0.01818181818181818,,,,,,,0.004545454545454545,,0.004545454545454545,,,,0.01818181818181818,0.00909090909090909,0.00909090909090909,,,,,,0.004545454545454545,,0.004545454545454545,,,0.01818181818181818,,,,0.05,0.00909090909090909,0.004545454545454545,,,,,0.013636363636363636,,0.004545454545454545,,,0.004545454545454545,0.022727272727272728,,0.004545454545454545,,,,0.004545454545454545,,,0.004545454545454545,,,0.004545454545454545,,,,,,,,,,0.004545454545454545,0.02727272727272727,,,,0.01818181818181818,,,0.004545454545454545,,,,,,,,0.004545454545454545,,,,,,,,,0.00909090909090909,,,,,,,,,0.013636363636363636,0.004545454545454545,,,,0.013636363636363636,0.004545454545454545,,,,,,,0.004545454545454545,,0.00909090909090909,0.004545454545454545,,,,,,,0.004545454545454545,,,,,0.00909090909090909,0.004545454545454545,,,,,,,0.004545454545454545,0.022727272727272728,,,,,,0.00909090909090909,,,,,,,,,0.00909090909090909,,,,,,,,,,,,,,,,0.00909090909090909,,,,,,,,,,,,,,,,,0.004545454545454545,0.00909090909090909,,,,,,,,0.004545454545454545
2020-11-30,,,,0.030303030303030304,0.005050505050505051,0.005050505050505051,0.005050505050505051,0.06565656565656566,0.005050505050505051,0.025252525252525252,0.005050505050505051,0.010101010101010102,0.010101010101010102,0.025252525252525252,0.020202020202020204,,,,0.025252525252525252,0.06060606060606061,,,0.050505050505050504,0.050505050505050504,0.045454545454545456,0.1111111111111111,,0.06060606060606061,,0.005050505050505051,,,,,,,0.005050505050505051,,,,,,,0.015151515151515152,,,,,,,0.010101010101010102,,0.015151515151515152,,,0.010101010101010102,,,,0.010101010101010102,,0.005050505050505051,,,,,0.005050505050505051,,0.005050505050505051,0.010101010101010102,,0.005050505050505051,0.020202020202020204,,,,,,,,0.005050505050505051,,,,0.005050505050505051,,,,,,,,,,0.010101010101010102,0.015151515151515152,,,,0.03535353535353535,,,,,,0.005050505050505051,,,,,,,,,,,,,,,,,,0.005050505050505051,,,,,0.030303030303030304,0.005050505050505051,,,,0.025252525252525252,,,,,,,,0.010101010101010102,,0.015151515151515152,,,,,,,0.005050505050505051,,,,,,0.005050505050505051,,,,,,0.005050505050505051,,0.010101010101010102,0.015151515151515152,,,,,,0.020202020202020204,,,,,,,,0.015151515151515152,0.005050505050505051,,,,,,,,,,,,,,0.005050505050505051,,,,,,,,,,,,,,,,,,,,0.010101010101010102,,,,,,,,
2020-12-15,,,,0.046875,,,0.03125,0.015625,,,,,,,,,,,,0.1171875,0.015625,,,,0.0390625,0.015625,,0.0078125,,0.015625,,,,0.0078125,0.015625,,,,,0.0078125,,,,,0.0546875,,0.0234375,,,,,,,,0.0390625,,,0.0234375,,0.03125,0.0078125,,0.015625,,,,0.0078125,,,,,,0.03125,0.0078125,0.0390625,,,,,0.015625,0.0234375,,,,,,,,0.0859375,,0.0078125,,,0.0078125,,0.015625,,0.0078125,,,,,,,0.0234375,,,,,,,,,,,,,,,,0.0078125,,0.0078125,,,,0.0078125,,0.015625,,,,,0.0234375,,,,,,,,,,,,,,,,,0.0078125,,,0.015625,,,,,,,,,,,,0.0078125,,,,,,,,0.0234375,,,0.03125,,0.0078125,,,,,,,,,,,,,,,,,,,,,0.015625,,,,,,0.0234375,,,,,,,,,,,,,,,,,
2020-12-31,0.013888888888888888,,,0.041666666666666664,,,0.013888888888888888,0.020833333333333332,,,,,0.013888888888888888,,0.020833333333333332,,,,0.006944444444444444,0.1388888888888889,0.013888888888888888,,,0.013888888888888888,0.013888888888888888,0.041666666666666664,,,0.013888888888888888,0.006944444444444444,,,,0.006944444444444444,,,0.013888888888888888,,,,,,,0.006944444444444444,0.06944444444444445,,0.006944444444444444,,,,,,,,0.013888888888888888,,,0.013888888888888888,,0.013888888888888888,0.006944444444444444,0.006944444444444444,0.006944444444444444,,,,0.013888888888888888,,,,,,0.034722222222222224,,0.027777777777777776,,,,,0.013888888888888888,0.013888888888888888,,,,,,,,0.041666666666666664,,0.006944444444444444,,,0.013888888888888888,,0.006944444444444444,,0.041666666666666664,,,,,0.006944444444444444,,0.027777777777777776,,,,,,,,,,0.006944444444444444,,,,,,,,,,,,,,0.020833333333333332,,,,,0.006944444444444444,,,,,,,,,,,,,,,,,,,,0.013888888888888888,0.006944444444444444,,,,,,,,,,,0.006944444444444444,,,,,,,,0.027777777777777776,,,0.04861111111111111,,0.006944444444444444,,,,,,,,,,,,,,,,,,,0.006944444444444444,,,,,,,,0.05555555555555555,,,,,,,,,,,,,,,,,
