date,GDP(Expenditure Approach),PrivateConsumption,Consumption ofHouseholds,ExcludingImputed Rent,PrivateResidentialInvestment,Private Non-Resi.Investment,Changein PrivateInventories,GovernmentConsumption,PublicInvestment,Changein PublicInventories,Goods & Services,Unnamed: 12,Unnamed: 13,Income from to the Rest of the World,Unnamed: 16,Unnamed: 17,GNI,DomesticDemand,PrivateDemand,PublicDemand,Gross Fixed CapitalFormation,Final Sales of Domestic Product
1994-01-01,510124.3,266588.0,262024.6,227581.2,28673.8,80433.4,3837.6,73546.9,46407.7,-417.7,11054.6,44988.0,33933.4,4449.8,15709.9,11260.1,514574.1,499069.7,379532.7,119536.9,155514.9,506704.4
1994-04-01,509020.8,269176.3,264539.8,229724.6,29969.8,79979.9,-3062.3,75112.5,47379.8,489.0,9975.9,45500.0,35524.2,4147.4,15649.7,11502.3,513168.2,499045.0,376063.7,122981.3,157329.5,511594.2
1994-07-01,512968.3,270665.3,265999.0,230776.4,32363.1,79430.6,-156.6,75898.3,45544.1,656.8,8566.6,45053.8,36487.2,4190.0,16017.5,11827.5,517158.3,504401.6,382302.4,122099.3,157337.8,512468.1
1994-10-01,511602.0,271238.6,266519.3,230815.3,30940.0,80298.5,-1570.5,76696.6,44707.9,706.3,8584.6,45109.8,36525.2,4207.5,16563.0,12355.4,515809.6,503017.4,380906.6,122110.7,155946.4,512466.2
1995-01-01,514909.9,272734.2,267946.3,231874.5,29884.3,82049.8,2060.8,77678.5,42842.0,-147.4,7807.7,45054.1,37246.3,4263.0,16862.0,12599.0,519172.9,507102.1,386729.1,120373.0,154776.0,512996.5
1995-04-01,518768.3,274203.3,269340.0,232928.3,28982.9,84418.3,935.9,78137.1,44468.2,220.5,7402.2,44073.6,36671.3,3448.2,15897.1,12448.9,522216.5,511366.1,388540.4,122825.7,157869.4,517612.0
1995-07-01,525376.5,275784.1,270850.0,234038.0,28386.3,85770.3,2111.9,79100.3,47791.3,178.7,6253.6,46803.4,40549.8,5015.9,20054.7,15038.8,530392.4,519122.9,392052.5,127070.4,161947.8,523085.8
1995-10-01,527052.4,277876.1,272898.5,235719.2,28943.2,86906.1,1043.2,79652.6,47961.6,221.8,4447.9,47882.0,43434.1,5279.8,20687.5,15407.7,532332.3,522604.6,394768.6,127836.0,163810.9,525787.5
1996-01-01,528986.5,276912.6,271915.4,234359.7,30312.7,86233.0,1303.2,79774.0,50359.3,486.0,3605.8,48837.3,45231.5,6034.2,12705.4,6671.3,535020.7,525380.8,394761.5,130619.3,166905.0,527197.4
1996-04-01,536036.2,281094.1,276062.8,238060.8,31707.5,88655.2,3034.6,80799.8,49492.2,151.1,1101.7,48942.3,47840.6,6773.7,12916.1,6142.4,542809.8,534934.5,404491.4,130443.1,169854.9,532850.5
1996-07-01,536138.8,281170.5,276099.8,237667.9,33106.7,89608.7,1598.3,81707.9,47381.2,188.0,1377.5,49657.9,48280.4,6472.0,12412.5,5940.5,542610.8,534761.3,405484.2,129277.1,170096.6,534352.5
1996-10-01,541160.4,284258.3,279175.7,240296.9,33988.0,89691.8,2524.1,82119.4,46426.3,231.0,1921.5,52018.9,50097.4,6624.8,12546.6,5921.7,547785.3,539238.9,410462.1,128776.7,170106.0,538405.3
1997-01-01,542127.3,288438.6,283371.1,244069.3,33068.1,90453.9,-656.2,82705.8,45700.7,141.8,2274.6,55132.9,52858.2,7218.2,13365.6,6147.4,549345.5,539852.6,411304.4,128548.3,169222.7,542641.6
1997-04-01,544072.6,285133.4,280144.4,240407.7,30419.0,90647.4,2577.2,83289.7,46296.1,98.8,5611.0,56890.4,51279.4,7386.7,13441.6,6054.9,551459.3,538461.6,408777.0,129684.6,167362.5,541396.7
1997-07-01,544036.7,285594.7,280664.2,240549.1,28376.5,90792.0,4710.5,82943.3,46399.4,138.3,5081.9,55287.4,50205.5,6440.1,12660.8,6220.7,550476.7,538954.8,409473.7,129481.0,165567.8,539187.8
1997-10-01,544982.6,284758.4,279735.1,239282.0,27020.6,92824.3,3943.9,83676.5,43977.2,406.5,8375.3,58428.4,50053.1,7604.0,14354.2,6750.2,552586.7,536607.3,408547.2,128060.2,163822.1,540632.2
1998-01-01,537965.7,283967.1,278705.8,237859.0,26189.8,91037.9,3281.4,83618.1,41284.0,234.6,8352.9,56882.3,48529.4,7190.4,13534.2,6343.8,545156.1,529612.9,404476.2,125136.6,158511.7,534449.8
1998-04-01,534811.1,283430.2,277899.9,236888.9,25537.5,89916.1,1703.3,83445.7,40731.0,135.1,9912.2,56686.2,46774.0,6079.1,12669.4,6590.3,540890.2,524898.9,400587.1,124311.8,156184.6,532972.6
1998-07-01,533907.1,284808.0,279061.5,237749.9,24909.9,89028.5,-462.1,83649.7,42429.4,-67.6,9611.4,57148.5,47537.1,6870.9,12775.4,5904.5,540778.1,524295.7,398284.3,126011.5,156367.8,534436.8
1998-10-01,539284.6,285486.2,279594.8,238187.3,24211.4,86017.3,2432.7,85439.3,46466.6,-544.3,9775.4,52150.1,42374.7,6235.7,10889.7,4654.1,545520.3,529509.2,398147.6,131361.6,156695.2,537396.2
1999-01-01,529073.1,285186.0,279230.5,237668.7,23854.4,83194.4,-3539.2,85294.5,46345.7,-75.8,8813.1,50677.6,41864.5,5535.7,10590.2,5054.4,534608.8,520260.0,388695.6,131564.4,153394.6,532688.2
1999-04-01,529015.3,285057.6,278955.8,237200.5,25398.0,83338.5,-3859.9,85849.0,45352.2,-5.3,7885.3,51698.6,43813.2,6683.9,10884.6,4200.7,535699.3,521130.0,389934.1,131195.9,154088.6,532880.6
1999-07-01,528595.2,286727.9,280451.5,238450.9,25682.1,82693.4,-3374.5,85564.9,43952.6,1.8,7346.9,52189.4,44842.4,6774.8,10639.6,3864.8,535370.0,521248.3,391729.0,129519.3,152328.1,531967.9
1999-10-01,527842.9,286603.4,280366.7,238146.0,24526.2,83358.3,-3530.5,85918.0,43678.7,-337.2,7626.0,52769.6,45143.6,7072.6,10815.6,3743.0,534915.5,520216.9,390957.4,129259.5,151563.2,531710.6
2000-01-01,535160.4,287791.0,281828.1,239381.7,24882.6,86691.9,-1584.3,87357.6,41479.4,152.0,8390.2,54638.6,46248.4,6766.7,11220.5,4453.8,541927.1,526770.1,397781.2,128989.0,153053.8,536592.6
2000-04-01,535345.7,286351.6,280747.0,238066.7,25384.2,84798.8,1187.0,88273.7,41061.0,39.3,8250.2,55494.1,47244.0,8178.2,12027.0,3848.8,543523.9,527095.5,397721.5,129374.0,151244.0,534119.4
2000-07-01,534450.4,286343.6,280995.6,238124.2,24993.2,87439.4,-1142.1,89286.3,40310.0,-35.2,7255.2,56544.4,49289.2,8126.4,12105.6,3979.2,542576.7,527195.2,397634.1,129561.1,152742.6,535627.7
2000-10-01,537817.7,288792.2,283488.5,240376.8,25376.4,89570.0,136.9,89542.7,38835.9,-68.4,5632.0,57597.1,51965.1,8081.7,12471.1,4389.3,545899.4,532185.6,403875.4,128310.2,153782.2,537749.1
2001-01-01,542585.6,290567.6,285108.2,241877.1,25325.3,89305.8,2011.7,91120.6,40559.6,24.4,3670.5,56140.4,52469.8,8386.0,12851.5,4465.5,550971.6,538915.1,407210.5,131704.6,155190.8,540549.5
2001-04-01,534229.7,290641.7,284975.1,241417.9,23880.4,86292.0,2209.1,91173.3,38104.1,-174.5,2103.5,53952.3,51848.8,8151.3,12379.0,4227.7,542381.0,532126.2,403023.3,129102.9,148276.5,532195.1
2001-07-01,527046.7,289489.7,283704.1,239946.5,23568.3,84252.2,-2075.4,91675.4,37782.4,-211.0,2565.1,52388.7,49823.5,8026.8,12023.7,3996.9,535073.6,524481.6,395234.8,129246.8,145603.0,529333.2
2001-10-01,523899.0,287343.4,281559.8,237606.0,23601.7,80422.9,-1021.9,92347.0,36748.0,-30.7,4488.6,51978.8,47490.3,8479.1,11973.4,3494.3,532378.2,519410.4,390346.1,129064.4,140772.6,524951.6
2002-01-01,525491.7,288370.9,282716.6,238630.1,23313.6,79517.7,-3251.5,94541.0,37082.5,-91.3,6008.9,54787.4,48778.5,8284.8,11461.4,3176.7,533776.5,519482.9,387950.7,131532.1,139913.7,528834.5
2002-04-01,524213.1,289692.3,284238.3,240127.4,23274.3,77841.0,-2511.2,92491.1,35923.9,-25.9,7527.6,57277.3,49749.7,7454.2,10780.2,3326.0,531667.3,516685.4,388296.3,128389.1,137039.2,526750.2
2002-07-01,524208.5,289352.8,284043.4,239795.5,23236.8,78635.4,-1504.3,93021.2,35675.2,-50.0,5841.3,55945.3,50103.9,7593.8,11061.1,3467.4,531802.3,518367.1,389720.7,128646.4,137547.4,525762.8
2002-10-01,524414.1,287913.3,282598.9,238230.9,22893.3,78430.7,312.1,92770.1,35100.4,-156.8,7151.0,59593.2,52442.2,7208.2,10583.7,3375.5,531622.3,517263.2,389549.4,127713.7,136424.4,524258.8
2003-01-01,521379.6,288501.5,283031.6,238518.1,22769.0,78088.4,-342.6,92642.3,33995.4,-67.7,5793.3,58667.6,52874.3,7801.4,10985.5,3184.1,529181.0,515586.3,389016.3,126570.0,134852.8,521789.8
2003-04-01,524512.7,286809.2,281151.4,236448.9,22839.8,78712.7,-798.8,94409.0,33996.7,71.2,8473.0,58913.0,50440.1,8031.9,10999.9,2968.0,532544.6,516039.7,387562.9,128476.9,135549.2,525240.4
2003-07-01,524383.3,286285.8,280508.6,235610.0,23402.5,77186.4,1683.4,93875.5,33107.2,-86.0,8928.4,60544.8,51616.4,9531.1,12391.6,2860.5,533914.4,515454.8,388558.1,126896.7,133696.1,522785.9
2003-10-01,526399.7,289336.6,283521.2,238510.3,23006.7,79970.6,-879.2,92644.3,32322.3,-315.8,10314.2,61940.2,51626.0,8474.1,11201.9,2727.8,534873.8,516085.5,391434.7,124650.8,135299.6,527594.7
2004-01-01,529368.1,289356.2,283589.6,238277.2,23334.7,79463.7,2765.7,93253.2,30910.7,-326.4,10610.4,64865.6,54255.2,9488.0,12196.9,2708.9,538856.1,518757.7,394920.3,123837.4,133709.1,526928.8
2004-04-01,527650.2,289032.4,283338.1,237821.2,23767.1,79091.3,773.7,93501.3,30708.5,97.4,10678.4,67343.3,56664.9,10201.8,13111.8,2910.0,537852.0,516971.8,392664.5,124307.2,133567.0,526779.1
2004-07-01,530478.3,290771.1,285112.0,239404.3,23866.8,79950.4,1867.5,93854.7,30198.6,88.9,9880.3,68715.4,58835.2,10478.2,13615.1,3136.8,540956.5,520598.0,396455.8,124142.2,134015.8,528521.9
2004-10-01,529920.4,289434.9,283760.2,237835.0,23905.9,81412.0,1510.6,94387.0,29920.8,186.8,9162.4,69573.2,60410.8,10923.1,14238.0,3314.8,540843.5,520758.0,396263.3,124494.7,135238.6,528223.0
2005-01-01,529915.4,290126.0,284396.5,238261.8,23518.2,83434.1,1333.8,94139.6,29289.6,160.8,7913.2,68319.5,60406.3,10423.9,14358.2,3934.3,540339.3,522002.2,398412.2,123590.0,136242.0,528420.8
2005-04-01,531339.4,290970.1,285163.1,238817.6,23396.6,86358.1,1124.9,94414.3,27513.9,-2.5,7564.0,71545.9,63981.9,11660.7,15806.2,4145.5,543000.1,523775.4,401849.7,121925.7,137268.5,530217.0
2005-07-01,534571.7,293072.5,287199.6,240622.9,23868.4,88052.4,688.2,94459.1,28069.1,24.6,6337.5,74497.3,68159.8,12356.8,16545.2,4188.3,546928.6,528234.2,405681.4,122552.8,139989.9,533859.0
2005-10-01,534747.7,293215.2,287300.3,240431.5,24209.0,86856.2,118.7,94744.4,27565.8,39.0,7999.4,79576.2,71576.7,13262.8,18002.3,4739.5,548010.5,526748.3,404399.1,122349.2,138631.0,534590.1
2006-01-01,534566.4,295060.9,289131.8,242083.9,24039.8,86659.1,-181.4,94268.9,28466.9,27.6,6224.6,81085.4,74860.7,14010.9,19170.8,5159.9,548577.3,528341.8,405578.4,122763.4,139165.8,534720.2
2006-04-01,533981.4,294201.3,288232.6,240990.5,24102.5,88077.4,-230.7,94285.7,27407.6,-38.6,6176.2,81996.4,75820.3,13879.2,19413.4,5534.2,547860.6,527805.2,406150.5,121654.7,139587.5,534250.7
2006-07-01,532225.8,292484.9,286466.3,239095.8,24268.2,88166.5,573.8,94094.6,26049.3,23.4,6565.0,84987.0,78422.0,14500.2,20181.2,5681.0,546726.0,525660.8,405493.5,120167.3,138484.1,531628.6
2006-10-01,539932.2,296201.8,290181.1,242628.9,24323.8,89801.8,701.0,93938.1,26415.8,-32.2,8582.0,86831.1,78249.1,15328.0,21638.3,6310.3,555260.2,531350.2,411028.5,120321.7,140541.4,539263.3
2007-01-01,541980.4,295620.1,289645.2,241856.2,24123.0,89957.2,2421.4,94045.3,26350.3,-55.7,9518.8,89874.1,80355.3,16363.6,23077.0,6713.4,558344.0,532461.6,412121.6,120340.0,140430.6,539614.7
2007-04-01,542023.0,297209.9,291285.3,243309.1,23846.2,89122.7,1012.3,95366.2,25803.9,137.9,9523.8,93323.2,83799.4,17109.7,23374.7,6265.0,559132.7,532499.2,411191.2,121308.0,138772.8,540872.8
2007-07-01,536472.7,294216.8,288328.8,240142.5,21917.8,87921.7,1388.1,94810.1,25503.8,42.8,10671.6,94290.5,83618.9,15352.5,23395.1,8042.6,551825.2,525801.0,405444.4,120356.6,135343.2,535041.8
2007-10-01,536838.0,295857.8,289998.4,241627.7,19566.4,87928.6,2973.9,96011.2,26188.6,63.5,8248.1,95453.7,87205.5,17169.4,24275.9,7106.6,554007.4,528589.9,406326.6,122263.3,133683.6,533800.7
2008-01-01,537624.9,298118.8,292278.0,243667.7,20306.1,88863.6,1656.6,96011.1,25731.6,170.8,6766.3,95312.4,88546.1,16630.5,22794.2,6163.7,554255.4,530858.7,408945.1,121913.5,134901.3,535797.5
2008-04-01,533582.2,294946.2,289144.6,240372.2,21450.8,87913.4,4665.9,95009.2,25117.4,-39.3,4518.5,95318.9,90800.4,13147.4,19175.1,6027.7,546729.5,529063.7,408976.4,120087.3,134481.6,528955.5
2008-07-01,523221.3,295505.9,289740.6,240722.6,22182.1,86788.1,-842.4,94323.6,25373.7,-87.7,-21.9,98324.4,98346.4,13997.9,19587.1,5589.2,537219.3,523243.3,403633.6,119609.6,134343.9,524151.4
2008-10-01,516935.1,288480.9,282717.4,233680.7,21831.2,83141.2,6724.5,95321.8,25079.4,100.2,-3744.2,75730.2,79474.3,12487.7,17740.0,5252.3,529422.9,520679.3,400177.9,120501.4,130051.8,510110.4
2009-01-01,492218.1,284215.6,278425.6,229363.6,19735.1,77027.2,-4782.9,94712.2,25474.5,-59.1,-4104.5,53482.9,57587.4,11625.4,16106.8,4481.4,503843.5,496322.5,376195.0,120127.6,122236.7,497060.1
2009-04-01,497850.0,285291.7,279483.5,230353.0,17574.4,73935.3,-4486.0,95395.0,26982.5,23.2,3133.9,58965.1,55831.2,13061.4,17029.7,3968.4,510911.4,494716.1,372315.4,122400.6,118492.2,502312.8
2009-07-01,493628.1,285306.9,279493.2,230324.0,16224.1,71460.5,-5921.4,96367.6,26353.4,49.5,3787.5,64697.0,60909.4,12446.5,16301.6,3855.1,506074.6,489840.6,367070.0,122770.5,114038.0,499500.0
2009-10-01,496496.6,285928.7,280089.0,230888.4,15682.9,70659.5,-4795.2,96451.9,26686.4,38.0,5844.5,68661.0,62816.5,12379.2,15954.8,3575.6,508875.8,490652.1,367475.9,123176.3,113028.7,501253.8
2010-01-01,501495.7,286504.1,280616.5,231391.1,16556.7,71250.4,-3355.6,96047.9,26939.2,104.5,7448.6,73260.3,65811.7,13349.5,17293.7,3944.1,514845.2,494047.1,370955.5,123091.5,114746.2,504746.8
2010-04-01,504943.5,287923.0,282023.7,232765.9,16651.2,71914.3,-1231.3,97298.6,25503.3,-22.8,6907.0,76409.6,69502.6,13015.0,17269.4,4254.5,517958.5,498036.4,375257.2,122779.2,114068.8,506197.6
2010-07-01,510927.7,289931.9,284031.6,234709.0,16848.5,72420.9,1993.2,97640.8,25225.9,-132.8,6999.2,76298.4,69299.2,13739.7,17804.8,4065.0,524667.4,503928.5,381194.5,122734.0,114495.3,509067.2
2010-10-01,505333.6,285638.3,279651.0,230272.5,17389.4,72032.7,2366.4,97492.6,24628.3,-47.8,5833.9,76047.6,70213.8,13989.0,18266.1,4277.1,519322.7,499499.8,377426.8,122073.0,114050.3,503015.0
2011-01-01,498679.9,281181.7,275023.0,225663.4,17996.8,73479.5,1093.6,98580.5,24286.7,-23.6,2084.7,75765.6,73680.9,14673.7,18909.8,4236.1,513353.6,496595.1,373751.6,122843.5,115763.0,497609.9
2011-04-01,490668.9,282560.6,276209.8,226988.3,17664.1,71930.3,700.3,98869.9,24947.3,17.0,-6020.6,69858.7,75879.3,14623.5,18677.6,4054.2,505292.4,496689.5,372855.3,123834.2,114541.7,489951.6
2011-07-01,501040.1,286513.7,280005.9,230743.0,18402.9,73820.0,1418.2,99126.0,24287.2,84.1,-2611.9,76126.3,78738.2,14560.6,18631.3,4070.7,515600.8,503652.0,380154.7,123497.3,116510.1,499537.8
2011-10-01,500303.5,288337.7,281716.5,232423.1,18051.0,76613.8,721.9,99293.1,23422.5,13.8,-6150.3,72547.2,78697.5,13750.0,17836.6,4086.6,514053.5,506453.8,383724.3,122729.5,118087.3,499567.7
2012-01-01,507472.1,289826.3,283138.4,233779.1,17757.7,76734.0,3498.7,100414.9,24800.5,11.0,-5570.9,74545.6,80116.6,13706.9,17874.7,4167.7,521179.0,513043.0,387816.7,125226.4,119292.2,503962.4
2012-04-01,500160.3,289086.0,282308.8,232903.0,18130.8,76476.6,321.4,99223.6,25077.5,71.2,-8226.8,73478.7,81705.5,13621.6,18183.5,4561.9,513781.9,508387.1,384014.8,124372.3,119684.9,499767.7
2012-07-01,497526.7,286851.4,279964.6,230544.3,18415.2,75582.8,1136.1,99813.8,24514.7,85.5,-8872.8,71027.2,79900.0,13969.6,17994.2,4024.6,511496.3,506399.6,381985.5,124414.1,118512.7,496305.1
2012-10-01,497301.7,288936.8,282000.5,232521.9,18914.5,75475.7,-340.0,100313.5,24080.5,16.5,-10095.7,69542.5,79638.2,14217.2,18834.6,4617.4,511519.0,507397.4,382986.9,124410.5,118470.7,497625.3
2013-01-01,502941.2,293130.2,286207.5,236674.0,19217.7,75642.9,214.5,100460.0,24590.0,-102.9,-10211.3,76317.6,86528.9,15529.1,20572.9,5043.8,518470.3,513152.5,388205.3,124947.1,119450.7,502829.6
2013-04-01,507526.8,295028.2,288069.5,238488.9,19552.6,78403.4,-2285.8,101139.9,25583.9,58.0,-9953.4,80895.2,90848.5,19233.4,25051.5,5818.1,526760.2,517480.2,390698.5,126781.7,123539.9,509754.6
2013-07-01,512869.2,297219.3,290202.1,240566.1,20442.1,79738.9,-733.0,101340.0,27103.8,-58.1,-12183.8,82083.2,94267.1,17438.3,24060.2,6621.9,530307.5,525053.0,396667.4,128385.6,127284.8,513660.3
2013-10-01,512536.2,298081.4,291128.7,241487.4,21355.6,80602.1,110.1,101196.0,27683.5,94.5,-16587.1,81751.6,98338.7,17688.1,23937.5,6249.3,530224.3,529123.2,400149.2,128974.0,129641.2,512331.5
2014-01-01,516567.2,304581.6,297818.9,248185.2,21682.9,82809.0,-2620.2,102076.1,27272.4,111.5,-19346.2,86683.8,106029.9,17665.7,24898.0,7232.3,534232.9,535913.4,406453.3,129460.0,131764.4,519075.9
2014-04-01,517927.2,295026.2,288559.5,238998.1,20426.5,81522.4,2935.6,103143.1,26949.1,115.7,-12191.3,87806.9,99998.2,17872.9,25471.6,7598.7,535800.1,530118.6,399910.7,130207.9,128897.9,514875.9
2014-07-01,518284.4,297837.1,291609.4,242093.1,19368.7,82302.2,-352.7,104005.5,27785.4,194.6,-12856.5,90912.4,103768.9,19770.6,27574.7,7804.1,538055.0,531140.9,399155.3,131985.6,129456.3,518442.4
2014-10-01,522122.6,298086.2,291844.7,242378.0,19403.3,83113.5,-1377.0,104372.8,27781.1,21.3,-9278.5,95777.1,105055.6,22334.5,30718.7,8384.3,544457.1,531401.1,399225.9,132175.2,130297.9,523478.4
2015-01-01,534681.7,299211.1,292707.2,243291.8,19961.2,87446.8,-177.4,105099.3,26764.0,89.5,-3712.9,95206.5,98919.3,20149.9,28540.9,8391.1,554831.5,538394.5,406441.7,131952.8,134172.0,534769.6
2015-04-01,538180.2,300674.1,293880.8,244487.1,20331.0,86476.8,2702.9,104904.7,26515.2,-50.1,-3374.4,93535.1,96909.5,21416.5,29935.5,8519.1,559596.7,541554.7,410184.9,131369.8,133323.0,535527.4
2015-07-01,539943.1,301534.8,294551.9,245201.9,20491.3,87812.4,785.1,105507.1,26555.1,-68.6,-2674.0,95566.6,98240.6,21094.4,30266.4,9172.0,561037.5,542617.1,410623.5,131993.6,134858.8,539226.7
2015-10-01,539319.9,298960.7,291847.9,242542.3,20427.9,87308.9,934.4,106732.5,27081.6,-42.6,-2083.5,90906.3,92989.8,22003.3,31431.3,9428.0,561323.1,541403.3,407631.8,133771.5,134818.4,538428.1
2016-01-01,545261.8,298036.6,290855.6,241623.5,20354.2,86356.7,1190.1,108012.3,27784.3,-43.8,3571.5,87957.8,84386.3,20147.5,29332.8,9185.3,565409.3,541690.4,405937.6,135752.8,134495.2,544115.5
2016-04-01,543337.4,296590.1,289314.3,240153.4,20878.0,86239.8,2597.6,106410.1,26792.1,-187.1,4016.8,85581.6,81564.8,18952.8,28680.4,9727.7,562290.2,539320.6,406305.5,133015.1,133910.0,540926.9
2016-07-01,543640.2,297343.1,289950.3,240881.7,21224.8,86418.5,171.7,106778.4,26925.0,-282.9,5061.6,85859.0,80797.4,18242.2,28274.9,10032.7,561882.4,538578.6,405158.1,133420.5,134568.3,543751.4
2016-10-01,544544.2,298853.7,291400.8,242393.7,21458.3,87289.5,-1491.2,106910.5,27085.6,-309.6,4747.4,89832.2,85084.8,18473.7,28535.9,10062.2,563017.9,539796.8,406110.3,133686.5,135833.5,546345.0
2017-01-01,547671.4,300665.2,293217.9,244255.6,21447.0,87941.4,-604.3,107150.8,27568.0,-327.7,3831.0,95482.0,91651.0,20817.0,31263.8,10446.8,568488.4,543840.4,409449.3,134391.1,136956.4,548603.3
2017-04-01,550525.4,302458.3,294967.5,246061.6,21693.4,88824.1,-73.3,107053.1,27818.4,122.0,2629.3,94748.4,92119.1,19679.7,30343.9,10664.2,570205.1,547896.1,412902.6,134993.5,138335.9,550476.7
2017-07-01,557176.0,301726.9,294159.7,245288.1,21654.8,89761.4,2243.6,107601.5,27473.2,90.7,6623.9,98506.7,91882.9,21097.9,31513.4,10415.5,578274.0,550552.2,415386.8,135165.4,138889.5,554841.8
2017-10-01,556792.1,303412.7,295919.1,247093.6,21054.0,90442.9,3118.5,107626.2,27608.8,102.1,3426.8,100110.0,96683.2,20497.4,31578.9,11081.5,577289.5,553365.3,418028.1,135337.1,139105.7,553571.4
2018-01-01,558425.5,304579.8,297312.6,248537.4,20625.5,91438.5,1434.7,108733.7,28007.8,57.2,3548.4,101509.9,97961.5,19974.7,32033.7,12059.0,578400.3,554877.2,418078.5,136798.7,140071.8,556933.6
2018-04-01,558839.9,304184.9,297257.0,248524.8,20131.7,93198.4,1748.1,108912.7,28451.6,-29.2,2241.7,102142.7,99901.0,21658.2,33566.6,11908.4,580498.1,556598.2,419263.1,137335.1,141781.6,557120.9
2018-07-01,555432.6,305607.5,298957.8,250248.3,20266.5,90701.5,1976.0,108761.3,28400.0,-14.0,-266.1,102296.0,102562.1,21561.4,33606.3,12044.9,576994.0,555698.7,418551.5,137147.3,139368.0,553470.7
2018-10-01,553452.2,304898.7,298255.2,249599.3,20588.4,92767.5,3321.4,109046.5,28067.0,-71.5,-5165.8,101566.3,106732.1,22137.9,34618.8,12480.9,575590.1,558618.0,421576.0,137041.9,141422.9,550202.3
2019-01-01,558803.9,304538.6,297630.2,248994.2,21170.5,92842.4,1582.6,109732.8,28777.5,-158.7,318.2,98953.8,98635.6,21651.3,33765.1,12113.8,580455.3,558485.7,420134.1,138351.6,142790.4,557380.0
2019-04-01,560851.4,305518.9,298387.7,249779.6,21536.7,92449.2,3262.7,111109.7,29186.3,-16.0,-2196.2,98050.6,100246.8,22096.4,34584.5,12488.1,582947.8,563047.6,422767.5,140280.1,143172.1,557604.6
2019-07-01,561519.0,308260.8,301014.4,252429.3,21711.1,94221.2,-52.8,111339.2,29183.0,-41.0,-3102.5,97202.5,100304.9,22376.4,35269.0,12892.6,583895.3,564621.4,424140.2,140481.2,145115.2,561612.8
2019-10-01,550104.0,299228.0,291762.1,243168.2,21645.5,87811.3,1023.3,112660.8,29397.0,17.1,-1678.9,95446.6,97125.5,21190.3,33920.0,12729.8,571294.3,551782.9,409708.1,142074.9,138853.7,549063.6
2020-01-01,554488.8,302708.8,294921.6,246345.7,20750.1,91729.5,-838.3,112094.6,29443.6,15.0,-1414.6,92294.5,93709.0,22021.9,33659.8,11637.9,576510.7,555903.4,414350.2,141553.2,141923.2,555312.1
2020-04-01,513899.3,277180.6,268943.4,220372.7,20509.0,84527.2,30.7,112013.6,30904.8,-97.4,-11169.3,72727.5,83896.7,17951.4,28693.1,10741.7,531850.7,525068.5,382247.5,142821.1,135941.0,513966.0
2020-07-01,540248.2,291495.3,282846.4,234299.5,19565.3,84562.4,-1865.0,114040.4,30688.6,-20.1,1781.2,81367.1,79585.9,18781.0,29415.1,10634.1,559029.2,538467.0,393758.0,144708.9,134816.3,542133.3
2020-10-01,548936.5,295569.9,286843.0,238315.5,19517.8,86167.9,-2078.2,114563.5,30785.3,-174.2,4584.4,88365.9,83781.5,20050.3,29819.1,9768.8,568986.8,544352.1,399177.5,145174.6,136471.1,551188.9
2021-01-01,551069.4,292950.4,284482.0,235943.9,20142.3,88211.1,1506.6,114588.1,30918.2,-111.9,2864.7,95123.2,92258.6,22391.6,33252.2,10860.7,573461.0,548204.8,402810.4,145394.3,139271.6,549674.8
2021-04-01,554115.5,295264.9,287087.2,238547.1,20892.8,90670.8,1036.8,117913.7,30146.3,-20.7,-1789.2,99670.1,101459.3,27575.0,39171.5,11596.6,581690.4,555904.6,407865.3,148039.3,141710.0,553099.4
2021-07-01,551269.3,292665.8,284641.5,236114.2,21418.8,89950.7,1818.8,119479.6,30091.8,-66.1,-4090.1,101263.9,105354.1,27192.0,38913.4,11721.4,578461.3,555359.4,405854.2,149505.3,141461.3,549516.6
2021-10-01,556415.2,301749.6,293813.2,245330.1,21799.8,91149.9,2256.1,117989.4,30065.8,14.7,-8610.1,104053.6,112663.7,28747.0,41739.9,12992.9,585162.3,565025.3,416955.4,148069.9,143015.5,554144.4
2022-01-01,556522.6,302263.9,294354.0,245878.8,21920.3,92319.6,3368.5,119521.6,29171.9,25.9,-12069.1,110588.5,122657.6,32823.0,46046.8,13223.8,589345.6,568591.6,419872.3,148719.4,143411.7,553128.2
2022-04-01,560775.9,311106.7,303287.5,254829.8,21764.5,95426.9,3252.8,119463.9,28525.5,30.5,-18795.0,119283.0,138078.0,31632.8,46105.5,14472.7,592408.7,579570.9,431550.9,148019.9,145717.0,557492.6
2022-07-01,557543.5,312675.1,304963.2,256523.3,21969.8,98614.4,2819.6,121368.9,29062.2,-670.0,-28296.6,125433.5,153730.1,34943.2,50184.5,15241.3,592486.7,585840.1,436079.0,149761.1,149646.4,555393.9
2022-10-01,566891.0,315620.5,307871.3,259450.2,22180.4,98650.0,2808.8,122732.7,29560.6,172.7,-24834.6,127011.7,151846.3,40072.2,57535.8,17463.7,606963.2,591725.6,439259.6,152466.0,150390.9,563909.5
2023-01-01,582188.2,321957.2,314023.6,265610.1,22275.9,100401.8,1943.6,124688.4,30557.0,136.0,-19771.6,122258.5,142030.1,33011.1,52938.9,19927.8,615199.3,601959.8,446578.4,155381.4,153234.6,580108.6
2023-04-01,594263.2,322417.4,314280.1,265879.7,22483.2,99610.3,3130.3,121755.4,30926.5,61.2,-6121.1,126408.8,132529.9,35692.5,56819.5,21127.0,629955.7,600384.3,447641.2,152743.1,153020.0,591071.7
2023-07-01,593742.6,322481.6,314197.3,265799.4,22373.6,100385.7,-482.4,122774.2,30659.9,30.0,-4480.2,131719.0,136199.2,35534.0,58365.2,22831.2,629276.6,598222.8,444758.6,153464.2,153419.3,594194.9
2023-10-01,595024.8,323402.6,315022.6,266612.9,22296.1,103571.0,-481.1,122634.8,30363.2,85.1,-6846.9,137868.0,144714.9,37442.8,60918.1,23475.4,632467.6,601871.7,448788.7,153083.1,156230.3,595420.8
2024-01-01,595167.6,324045.3,315623.0,267217.5,21810.6,103329.5,286.1,122846.5,29902.4,27.4,-7080.3,134323.3,141403.6,36682.7,61546.7,24864.0,631850.2,602247.9,449471.5,152776.3,155042.5,594854.0
2024-04-01,609501.1,328982.6,320523.8,272133.4,22384.9,105791.4,1294.0,125434.6,31970.9,-31.4,-6325.9,139915.6,146241.4,40275.6,65734.9,25459.3,649776.8,615827.0,458452.9,157374.1,160147.2,608238.5
2024-07-01,612838.2,332210.4,323697.5,275297.6,22533.1,106274.3,1358.8,126318.5,31746.6,41.1,-7644.6,139590.6,147235.2,41249.3,67572.6,26323.2,654087.6,620482.8,462376.6,158106.2,160554.1,611438.3
2024-10-01,620062.5,333073.5,324495.2,276095.5,22618.0,107965.9,-321.0,127544.0,31801.9,-88.5,-2531.3,142928.5,145459.9,39289.5,65414.3,26124.9,659352.0,622593.8,463336.4,159257.4,162385.8,620472.0
2025-01-01,624792.3,338281.7,329633.2,281250.3,23093.4,110409.1,1742.6,127524.8,31898.5,13.5,-8171.2,142887.4,151058.7,42500.3,68863.5,26363.2,667292.6,632963.5,473526.8,159436.7,165400.9,623036.1
