date,GDP(Expenditure Approach),PrivateConsumption,Consumption ofHouseholds,ExcludingImputed Rent,PrivateResidentialInvestment,Private Non-Resi.Investment,Changein PrivateInventories,GovernmentConsumption,PublicInvestment,Changein PublicInventories,Goods & Services,Unnamed: 12,Unnamed: 13,Residual,TradingGains/Losses,GDI,Income from /to the Rest of the World,Unnamed: 19,Unnamed: 20,GNI,DomesticDemand,PrivateDemand,PublicDemand,Gross Fixed CapitalFormation,Final Sales of Domestic Product
1994-01-01,446231.2,247445.1,243562.4,208517.3,29812.0,66259.2,4239.2,71357.4,47101.5,-542.3,-7720.4,37755.8,45476.2,-11720.6,19378.8,465609.9,4121.8,14526.8,10404.9,469731.8,462267.1,346396.6,115945.4,139769.5,442167.2
1994-04-01,443811.5,248847.6,244908.6,209659.1,31118.5,66065.0,-2897.9,72243.8,48011.9,622.8,-8364.5,37963.7,46328.2,-11835.8,18742.7,462554.2,3799.8,14473.7,10673.9,466354.0,460081.7,341680.2,118659.9,141499.8,445619.2
1994-07-01,448902.6,250600.6,246639.4,211174.7,33628.1,65999.2,-305.1,72789.1,46297.2,806.2,-9067.6,38658.1,47725.8,-11845.1,18143.1,467045.6,3871.4,14798.6,10927.2,470917.0,465685.7,348082.8,117731.3,142083.2,448120.9
1994-10-01,447185.3,250766.5,246760.5,211118.5,32218.2,67028.9,-1560.8,72950.1,45574.1,853.3,-9379.2,38820.4,48199.6,-11265.9,18530.1,465715.4,3902.5,15316.0,11413.5,469617.9,464028.5,346907.0,117246.6,141338.8,447555.8
1995-01-01,452028.0,252849.5,248776.5,212933.2,31121.5,68647.7,2245.6,74470.6,43635.5,-27.7,-10500.4,39311.5,49811.9,-10414.3,18955.5,470983.5,3954.7,15603.9,11649.2,474938.2,469743.3,353521.9,116209.4,140427.9,449456.9
1995-04-01,456342.1,254971.1,250815.5,214779.8,30381.5,71088.0,1102.5,74611.4,45415.7,199.2,-11408.9,39897.5,51306.4,-10018.3,19770.0,476112.1,3171.8,14793.9,11622.1,479283.9,474710.2,356514.8,118227.3,144021.4,454676.5
1995-07-01,461684.4,256342.3,252112.8,215897.6,29741.6,72334.5,2095.8,75543.1,48920.0,173.1,-13894.2,40273.5,54167.6,-9571.7,20655.2,482339.6,4656.5,18631.0,13974.5,486996.1,481946.0,359647.7,122466.0,147933.2,459094.7
1995-10-01,462870.6,258145.6,253879.2,217464.3,30431.1,73525.1,1079.6,75789.2,49119.9,235.2,-16597.1,40157.8,56754.9,-8858.1,21317.6,484188.2,4938.4,19255.6,14317.2,489126.6,485129.8,362328.3,122948.6,150004.1,461191.9
1996-01-01,466636.8,257467.6,253194.1,216600.0,31805.6,73285.0,1606.8,76459.1,51638.5,596.8,-17004.7,40800.4,57805.1,-9217.9,20784.4,487421.2,5616.7,11819.4,6202.6,493037.9,489133.8,363111.1,126279.4,153188.9,464195.6
1996-04-01,472556.5,260592.2,256314.3,219491.9,33278.5,75804.0,2967.4,76391.8,50911.4,190.8,-18808.2,40751.4,59559.6,-8771.3,19950.0,492506.6,6291.1,12020.0,5728.9,498797.7,496638.4,371551.7,125197.6,156552.6,469128.7
1996-07-01,473150.7,260787.6,256481.0,219445.8,34510.5,76855.0,1485.8,76725.0,48645.9,226.9,-17524.4,41971.4,59495.7,-8561.7,18951.5,492102.2,5997.5,11511.6,5514.1,498099.7,495909.8,372516.2,123427.7,156744.2,471084.4
1996-10-01,478469.4,263380.0,259075.6,221809.3,35106.5,76900.7,2497.7,77853.6,47467.2,259.0,-16496.7,43759.0,60255.7,-8498.7,18453.9,496923.3,6177.5,11671.7,5494.1,503100.9,500134.6,376638.5,123485.3,156263.9,475425.8
1997-01-01,479563.5,267179.5,262904.1,225419.8,34090.2,77660.5,-389.0,77863.5,46621.9,139.4,-15676.0,45099.0,60775.0,-7926.5,17906.0,497469.5,6687.0,12378.4,5691.4,504156.4,500186.0,377529.1,122614.2,155431.3,479296.2
1997-04-01,476092.0,260323.1,256128.9,218504.7,30911.8,77803.8,2472.3,78053.0,46667.3,79.0,-12735.1,47011.2,59746.3,-7483.2,18272.9,494364.8,6777.6,12348.5,5570.9,501142.4,493635.1,370870.1,122804.6,152820.9,473213.6
1997-07-01,476997.6,260606.7,256482.4,218692.1,29063.5,78230.0,4550.5,77975.6,47109.9,164.4,-13217.1,46382.6,59599.6,-7485.9,18322.5,495320.2,5913.0,11632.2,5719.2,501233.1,495157.3,371986.1,123214.0,152037.5,472122.5
1997-10-01,477203.0,260091.8,255873.0,217923.3,27891.6,79911.8,3781.1,78392.5,44812.0,457.1,-10850.0,47395.5,58245.5,-7284.8,19006.0,496209.0,7030.2,13234.5,6204.3,503239.2,493215.7,371486.2,121728.1,150737.7,472825.3
1998-01-01,471289.0,259697.8,255227.6,217112.1,27185.8,78679.2,3488.9,78280.4,42221.0,242.4,-11534.1,46178.1,57712.3,-6972.3,19766.5,491055.4,6624.1,12467.4,5843.3,497679.5,487929.4,368855.6,119009.8,146428.3,467355.1
1998-04-01,469323.9,259546.4,254792.7,216517.9,26659.3,77937.9,1598.2,78886.8,41856.9,172.5,-9906.4,45261.5,55167.9,-7427.8,19528.2,488852.1,5622.2,11722.1,6099.9,494474.3,484872.8,365625.7,119223.6,144822.2,467190.5
1998-07-01,470137.5,261359.9,256394.3,217935.9,26054.0,77402.5,-400.0,79314.2,43794.2,-81.8,-9827.3,45432.1,55259.4,-7478.3,19072.0,489209.5,6362.3,11837.6,5475.3,495571.8,485606.2,364403.2,121260.0,145450.1,470037.4
1998-10-01,473921.7,260973.4,255862.6,217237.3,25483.2,75354.6,2429.0,79870.0,48301.8,-601.5,-9332.3,44607.5,53939.9,-8556.6,19523.8,493445.5,5793.3,10093.0,4299.7,499238.8,489464.8,364054.5,125615.8,146822.6,471599.1
1999-01-01,467347.1,261929.4,256743.7,217891.8,25239.8,73232.5,-3509.0,80735.9,48477.4,-88.0,-10893.1,44707.6,55600.7,-7777.9,20445.8,487792.9,5155.2,9859.0,4703.8,492948.1,483739.6,357027.0,127055.1,144496.2,469993.6
1999-04-01,469193.1,262269.0,256921.6,217820.7,26877.8,73817.0,-3777.0,81532.2,47691.7,-7.6,-11524.1,45110.2,56634.3,-7685.8,19924.0,489117.1,6236.7,10157.8,3921.1,495353.8,486040.1,359169.5,127196.9,145871.4,472017.4
1999-07-01,471674.1,264068.6,258537.5,219185.3,27140.0,73391.8,-3439.3,82478.1,46223.2,-9.8,-11020.9,47048.6,58069.4,-7157.7,18980.1,490654.1,6342.8,9961.8,3619.0,496996.9,487569.9,361068.0,126793.1,144326.9,474192.4
1999-10-01,471825.2,264803.9,259300.8,219708.1,26009.4,74183.8,-3591.9,82804.0,46007.9,-387.8,-11687.8,48122.7,59810.6,-6316.2,20094.3,491919.5,6657.3,10164.7,3507.3,498576.8,487859.0,361505.0,126632.4,143975.3,474748.6
2000-01-01,479975.6,266390.9,261139.8,221299.9,26274.5,76969.7,-1587.5,83857.1,43484.0,179.8,-9119.9,50708.1,59827.9,-6473.0,18312.6,498288.2,6354.6,10530.5,4175.9,504642.8,493727.7,368056.4,125823.4,144916.2,480706.1
2000-04-01,482122.3,265907.0,260991.5,220909.9,26955.2,75878.9,1311.5,84867.1,43190.7,40.0,-9888.6,52331.5,62220.2,-6139.4,19087.4,501209.8,7695.9,11318.9,3623.0,508905.7,495994.3,369683.4,126465.2,144094.0,480397.4
2000-07-01,482258.5,266391.9,261717.6,221386.3,26428.4,78476.9,-1015.0,85491.3,42385.0,-47.8,-10674.8,53198.7,63873.4,-5177.5,18700.4,500958.8,7662.7,11412.1,3749.4,508621.6,496418.0,370278.0,126280.0,145669.4,482655.2
2000-10-01,486914.7,269692.9,265052.7,224458.5,26973.0,80839.1,234.9,86040.3,41059.0,-73.5,-13229.9,52968.7,66198.6,-4621.1,19355.7,506270.4,7672.0,11819.2,4147.2,513942.4,503221.2,377653.4,125584.8,147479.8,486224.7
2001-01-01,490543.3,271251.3,266439.2,225601.4,26979.7,81265.8,2181.0,86182.3,43067.0,17.8,-15262.0,51054.0,66316.0,-5139.7,19228.5,509771.8,7943.8,12164.4,4220.6,517715.7,509046.3,381434.2,127667.2,149750.6,488057.5
2001-04-01,486847.4,273501.6,268476.8,227406.5,25461.1,79098.7,2312.1,86935.3,40505.5,-213.9,-15719.2,49152.4,64871.7,-5033.8,17986.3,504833.6,7746.6,11766.2,4019.7,512580.2,506066.2,380222.5,125850.6,143754.0,484438.0
2001-07-01,481598.1,273348.9,268198.8,226895.8,25326.6,77644.1,-2136.1,87082.7,40511.1,-243.2,-14884.4,48072.7,62957.0,-5051.6,17670.8,499268.9,7671.8,11484.2,3812.5,506940.7,500286.2,374383.4,125982.6,142089.2,483149.6
2001-10-01,479886.5,272911.0,267739.8,226211.1,25452.9,74594.7,-1152.5,88175.2,39542.0,-24.6,-13943.8,47152.3,61096.0,-5668.5,18828.5,498715.0,8156.3,11501.6,3345.3,506871.3,498073.1,371798.9,126393.4,138082.8,480390.7
2002-01-01,480739.6,274458.1,269376.1,227612.0,25206.9,73956.7,-3463.4,88206.5,40034.0,-81.5,-12303.0,49304.0,61606.9,-5274.7,18738.0,499477.6,7957.3,10999.5,3042.2,507434.9,497093.7,370386.3,126836.4,137637.2,483313.5
2002-04-01,484572.5,276723.9,271794.6,229805.4,25278.7,72927.1,-2473.2,88525.5,38942.9,-24.4,-10539.5,52912.7,63452.2,-4788.5,18723.9,503296.4,7188.6,10396.6,3208.0,510485.0,498710.5,372576.1,126226.1,135622.7,486224.2
2002-07-01,486180.4,276971.1,272145.1,229944.3,25217.3,74123.9,-1497.0,89209.7,38797.9,-65.6,-12267.6,53285.7,65553.2,-4309.3,18813.4,504993.8,7363.3,10717.9,3354.6,512357.1,501577.3,374896.0,126765.7,136704.1,487006.0
2002-10-01,487496.0,276318.2,271462.2,229047.0,24894.3,74180.2,475.7,89070.7,38216.7,-171.5,-11396.3,55128.0,66524.3,-4091.9,19161.1,506657.1,7020.4,10286.1,3265.7,513677.4,501755.9,375812.4,126005.4,135941.8,486675.1
2003-01-01,487800.9,277441.6,272426.7,229784.9,24752.2,74469.2,-463.6,89547.5,36975.2,-72.2,-11124.3,55867.2,66991.5,-3724.7,17505.4,505306.3,7620.8,10720.1,3099.3,512927.1,501656.7,376251.0,125463.7,134982.2,487722.7
2003-04-01,491099.1,276930.7,271722.4,228857.7,24892.1,75611.8,-668.0,90342.7,37119.7,74.6,-8781.6,55988.0,64769.6,-4422.9,18138.2,509237.3,7823.9,10714.4,2890.5,517061.2,503303.8,376839.3,126540.6,136445.1,491078.5
2003-07-01,492628.7,276845.4,271498.9,228370.8,25390.3,74433.4,1837.9,90678.8,36093.6,-98.3,-8352.6,57996.1,66348.7,-4199.8,18250.9,510879.7,9338.5,12135.0,2796.4,520218.2,504009.2,378263.4,125805.9,134714.3,490562.2
2003-10-01,497983.3,280622.6,275224.8,231983.9,25071.3,77427.0,-713.2,91066.5,35258.6,-393.6,-6903.3,60963.2,67866.5,-3452.7,18603.8,516587.1,8367.5,11039.5,2671.9,524954.6,507667.8,382510.2,125187.5,136813.1,498389.0
2004-01-01,501760.4,280609.8,275247.2,231744.2,25345.4,77359.4,2895.2,91484.6,33607.2,-341.2,-5958.7,63969.1,69927.7,-3241.4,17885.1,519645.6,9358.8,12021.5,2662.8,529004.3,510126.9,385968.3,124152.5,135462.0,498937.6
2004-04-01,501650.1,280866.4,275553.3,231904.0,25841.6,77084.9,1230.4,91094.8,33433.3,63.4,-5071.0,66053.7,71124.7,-2893.6,16883.5,518533.6,10035.5,12894.5,2859.0,528569.2,508822.8,384865.6,123952.4,135465.6,499956.1
2004-07-01,504780.5,283008.3,277711.0,233910.1,25913.5,78066.1,2134.0,91479.6,32799.9,54.6,-6041.8,66638.2,72680.0,-2633.6,16833.6,521614.1,10338.8,13426.3,3087.5,531953.0,512688.6,388899.9,123759.6,135967.8,502294.1
2004-10-01,503832.4,281531.8,276209.6,232261.7,25957.4,79785.2,1889.5,91492.1,32394.0,152.8,-7347.0,67524.1,74871.1,-2023.4,17384.2,521216.7,10790.5,14034.6,3244.1,532007.1,512487.5,388963.7,123489.9,137427.5,501478.5
2005-01-01,506390.8,283180.0,277808.0,233751.6,25561.5,81795.3,1166.0,92380.3,31691.6,188.0,-7498.4,66840.1,74338.5,-2073.5,16177.1,522567.9,10324.6,14207.2,3882.6,532892.5,515432.1,391604.2,123786.7,138486.8,504657.5
2005-04-01,510304.4,284989.7,279550.3,235357.6,25348.6,84634.3,1320.6,91986.0,29696.5,-19.2,-5988.4,69697.5,75685.9,-1663.6,14102.5,524406.9,11534.2,15622.7,4088.5,535941.0,517682.5,396225.7,121363.4,139371.4,508606.0
2005-07-01,515499.8,287705.9,282207.4,237864.4,25862.4,86517.3,754.1,91822.8,30164.6,17.7,-5939.2,71896.8,77836.0,-1405.8,12591.0,528090.8,12250.7,16387.0,4136.3,540341.5,522547.6,400781.6,121658.4,142242.5,514281.3
2005-10-01,516422.1,287813.5,282278.1,237783.1,26160.8,85113.2,457.2,92236.0,29550.8,-2.6,-3539.4,74414.7,77954.1,-1367.4,11603.2,528025.3,13164.1,17826.3,4662.2,541189.4,521066.4,399468.2,121496.9,140486.3,515495.8
2006-01-01,517241.5,288780.2,283235.9,238628.9,25893.7,84756.6,-206.0,91970.5,30334.5,32.5,-3145.1,76125.2,79270.4,-1175.3,9347.8,526589.3,13871.0,18955.5,5084.5,540460.3,521276.6,399199.4,121983.6,140604.0,516907.8
2006-04-01,518002.8,288442.8,282867.4,238105.4,25827.0,86146.3,-88.3,92402.7,29165.4,-24.6,-2970.2,77362.9,80333.1,-898.2,9141.7,527144.5,13751.0,19205.4,5454.3,540895.5,521687.9,400308.1,121280.3,140876.8,517621.7
2006-07-01,516983.6,286223.0,280604.6,235674.4,25876.0,86302.0,726.1,92454.7,27581.9,43.8,-1480.3,78808.8,80289.1,-743.6,7872.0,524855.7,14352.4,19949.7,5597.2,539208.1,519101.3,399058.3,119937.3,139590.2,515775.1
2006-10-01,523960.8,290608.2,284994.6,239926.2,25832.4,87879.2,666.7,92401.5,28009.5,-10.4,-565.4,79767.2,80332.7,-860.8,8888.5,532849.3,15194.3,21401.4,6207.1,548043.6,525302.5,404966.5,120217.1,141584.6,522853.5
2007-01-01,527455.2,290781.7,285212.2,239975.8,25417.6,88204.1,2443.7,92931.7,27791.3,-108.7,719.4,81683.2,80963.8,-725.6,8375.4,535830.6,16277.7,22908.7,6631.0,552108.4,527395.9,406841.0,120430.3,141321.1,524733.9
2007-04-01,527632.8,292390.9,286875.7,241499.4,24982.2,87221.5,978.7,93780.9,27145.8,139.7,1366.7,83609.0,82242.3,-373.6,7551.1,535183.9,16981.7,23159.2,6177.5,552165.6,526727.3,405630.2,120979.6,139279.6,526036.8
2007-07-01,524773.4,289517.8,284038.1,238532.8,22942.1,86152.1,1646.9,93633.2,26755.7,46.5,4192.3,85693.2,81500.9,-113.2,5836.6,530610.0,15244.4,23188.9,7944.6,545854.4,520896.2,400436.5,120351.3,135873.2,522640.2
2007-10-01,526993.8,290032.2,284577.5,238960.5,20449.0,86066.4,2985.3,94378.9,27315.5,74.5,5511.3,88198.4,82687.0,180.7,2205.1,529198.9,16974.9,23956.1,6981.1,546173.8,521633.2,399870.6,121667.6,133952.0,523534.1
2008-01-01,529104.8,291430.7,285985.3,240231.5,21054.9,86764.0,1676.6,94447.5,26626.8,89.2,6713.3,90408.4,83695.1,301.9,-306.0,528798.7,16438.6,22477.4,6038.8,545237.4,522408.3,401202.4,121101.9,134572.2,526935.4
2008-04-01,525880.1,287971.3,282563.9,236642.0,21916.3,85371.1,4332.7,93189.1,25698.4,-40.8,7256.0,88581.7,81325.6,185.9,-3131.2,522748.9,12951.8,18843.5,5891.8,535700.7,518714.3,399811.0,118782.7,133072.5,521209.4
2008-07-01,519346.0,287107.4,281742.0,235650.1,22460.5,84000.9,-265.6,93177.8,25614.3,-42.5,7056.1,88655.6,81599.6,237.1,-7075.1,512271.0,13715.7,19168.1,5452.3,525986.7,512241.3,393450.2,118689.6,132107.4,519239.6
2008-10-01,506391.6,282704.0,277302.4,231017.0,22284.4,81265.0,7091.0,93595.8,25559.0,52.0,-5741.5,77488.1,83229.6,-418.1,1864.3,508255.9,12328.5,17482.4,5153.9,520584.4,512831.3,393556.2,119178.6,129087.1,498795.3
2009-01-01,482116.9,281338.3,275839.1,229373.1,20320.2,76333.2,-3487.1,93945.1,26345.9,-92.3,-11963.0,57734.1,69697.2,-623.3,7254.0,489370.9,11655.6,16104.4,4448.7,501026.5,494634.4,374504.4,120104.1,122939.4,485614.0
2009-04-01,491625.2,283819.5,278227.2,231633.7,18332.5,73967.0,-4343.1,95242.1,28355.2,7.8,-3610.4,62971.4,66581.8,-145.4,7147.1,498772.3,13116.9,17075.8,3958.9,511889.2,495332.6,371857.2,123490.0,120560.9,495835.1
2009-07-01,491399.2,285917.4,280257.2,233543.9,17060.5,71961.9,-6304.2,96216.0,27874.6,4.6,-1154.9,69050.6,70205.5,-176.7,5354.1,496753.3,12533.5,16397.6,3864.1,509286.7,492694.6,368724.2,123998.0,116824.1,497625.6
2009-10-01,497342.2,287766.1,282042.7,235198.8,16565.2,71283.2,-4991.4,96434.7,28253.7,28.6,2134.5,74015.6,71881.1,-132.4,4350.9,501693.1,12512.9,16106.8,3593.9,514206.0,495365.8,370776.8,124613.5,116019.8,502174.8
2010-01-01,502652.3,288819.9,283037.9,236050.8,17447.9,71739.6,-3567.8,95610.3,28373.7,93.6,4607.3,78422.1,73814.9,-472.1,3546.4,506198.8,13547.1,17516.0,3969.0,519745.8,498472.3,374526.9,123956.8,117455.7,506056.6
2010-04-01,508783.7,290915.3,285107.3,237988.1,17575.9,72562.1,-874.8,97359.5,26905.7,-15.1,4729.1,82188.8,77459.7,-374.0,2828.2,511611.9,13213.7,17505.1,4291.4,524825.6,504417.9,380218.3,124200.6,116990.1,509690.7
2010-07-01,517929.4,295306.8,289474.7,242247.2,17765.6,73433.2,2319.9,97760.2,26616.9,-146.7,5387.5,84424.5,79037.0,-514.0,2470.4,520399.8,13997.4,18117.2,4119.8,534397.2,513025.3,388820.8,124190.7,117778.4,515862.7
2010-10-01,513625.6,290368.3,284428.8,236963.3,18359.0,73333.9,2555.9,98270.4,26049.0,-51.3,5174.5,84776.7,79602.1,-434.1,1382.0,515007.6,14277.4,18615.6,4338.3,529284.9,508852.8,384587.9,124259.4,117704.8,511215.0
2011-01-01,508311.9,285589.4,279464.1,231856.5,18971.6,75032.4,1027.3,98803.4,25611.5,-44.6,3541.3,84045.1,80503.8,-220.3,-1245.9,507066.0,14985.5,19281.9,4296.4,522051.5,504978.8,380585.6,124386.9,119600.4,507388.1
2011-04-01,503975.8,287649.0,281326.3,233791.7,18613.5,73670.6,612.2,99270.1,26331.8,-5.5,-2389.9,77708.4,80098.4,224.0,-4129.3,499846.6,14937.5,19053.7,4116.1,514784.1,506137.2,380537.5,125592.8,118569.3,503403.3
2011-07-01,516079.9,292165.3,285677.0,238014.5,19392.1,75406.5,1814.3,99637.8,25549.5,48.7,2122.9,84947.8,82825.0,-57.2,-4952.5,511127.5,14875.7,19011.2,4135.5,526003.2,514036.9,388765.3,125273.2,120325.8,514238.9
2011-10-01,515344.1,293866.8,287244.2,239417.6,19062.0,78366.5,728.3,99962.5,24703.5,-19.9,-1589.5,82701.7,84291.2,263.9,-5201.2,510142.9,14063.1,18215.8,4152.7,524206.0,516734.9,392027.4,124714.5,122181.3,514664.2
2012-01-01,522775.3,295224.6,288505.5,240502.2,18791.8,78462.3,3464.9,100948.4,26104.1,-1.5,-347.5,85285.5,85633.0,128.1,-5809.0,516966.3,14003.3,18236.9,4233.6,530969.5,523091.4,396015.8,127079.2,123380.9,519263.7
2012-04-01,517882.0,295607.8,288759.8,240574.4,19264.2,78308.5,342.9,100709.6,26499.1,54.2,-3021.5,84544.6,87566.2,117.4,-6102.6,511779.4,14005.7,18667.6,4662.0,525785.1,520776.4,393493.1,127283.4,124071.2,517531.5
2012-07-01,515760.9,295506.9,288513.7,240160.5,19636.1,77715.2,1349.7,101016.6,25952.2,80.2,-5905.0,81465.3,87370.3,409.2,-4020.7,511740.3,14394.8,18517.3,4122.5,526135.1,521281.7,394188.3,127096.0,123296.1,514343.5
2012-10-01,515433.9,296802.6,289747.8,241219.9,20084.1,77531.5,-226.4,101713.1,25465.0,2.1,-6483.7,78688.2,85171.8,545.6,-4605.4,510828.5,14642.5,19366.1,4723.6,525470.9,521353.2,394121.9,127233.3,123069.6,515736.5
2013-01-01,522659.7,301188.7,294157.6,245473.7,20301.2,77483.7,359.2,101512.0,25834.3,-131.5,-4268.9,81214.2,85483.1,381.0,-6183.9,516475.8,15965.0,21122.5,5157.6,532440.8,526483.1,399276.6,127215.4,123595.3,522530.2
2013-04-01,527381.7,303480.9,296416.1,247562.7,20477.2,80128.8,-2392.7,102866.4,26814.7,41.8,-4322.8,83971.0,88293.8,287.3,-5660.8,521720.9,19817.6,25780.3,5962.7,541538.5,531358.0,401612.1,129746.9,127406.8,529834.0
2013-07-01,532312.4,305116.9,297983.5,248937.1,21279.6,81271.4,-516.8,102878.8,28266.2,-85.9,-6214.5,83840.9,90055.4,316.8,-5799.8,526512.7,17894.1,24643.6,6749.5,544406.7,538081.8,407079.8,131005.0,130773.7,533004.4
2013-10-01,531690.5,304604.0,297544.0,248376.0,22031.9,81859.9,74.5,103109.3,28749.0,78.9,-9221.9,83523.9,92745.8,405.0,-7013.3,524677.3,18111.4,24467.3,6355.9,542788.6,540410.8,408493.0,131918.9,132580.9,531558.7
2014-01-01,536097.5,310542.5,303705.1,254543.8,22342.7,83972.8,-2340.0,103419.8,28088.8,72.4,-9840.0,88649.4,98489.4,-161.5,-8946.5,527151.0,18010.9,25346.8,7335.9,545161.9,545946.4,414366.3,131588.4,134372.2,538502.1
2014-04-01,526467.9,295356.4,288852.7,239545.5,20444.3,82283.9,2525.0,103083.8,27125.1,93.3,-4567.9,89849.2,94417.1,123.9,-7393.7,519074.2,17980.5,25581.8,7601.3,537054.6,531030.5,400682.9,130346.1,129850.1,523718.6
2014-07-01,526808.3,297946.8,291713.6,242419.3,19411.7,82778.7,-114.3,103766.5,27875.9,138.9,-4889.1,91195.5,96084.6,-106.8,-7478.6,519329.7,19837.5,27614.2,7776.7,539167.2,531861.7,400019.1,131836.2,130069.8,526761.1
2014-10-01,529207.5,298487.3,292250.3,242938.5,19451.3,83409.6,-1372.1,104020.0,28041.8,5.5,-2599.9,93883.9,96483.8,-235.9,-6195.1,523012.4,22416.3,30774.0,8357.7,545428.7,532001.2,399926.4,132068.2,130905.0,530667.6
2015-01-01,537507.3,299904.7,293397.9,244060.4,19966.0,87600.5,46.8,105007.1,26724.1,87.2,-1767.9,95309.3,97077.2,-61.4,-1911.7,535595.6,20195.2,28572.4,8377.1,555790.8,539354.6,407494.7,131858.8,134295.3,537374.4
2015-04-01,538290.9,300253.8,293457.5,244098.9,20356.2,86413.4,2471.0,105122.8,26500.6,-74.0,-2920.5,92094.6,95015.1,167.7,-394.8,537896.1,21484.5,29978.5,8494.0,559380.6,541072.0,409535.3,131538.0,133270.1,535846.9
2015-07-01,538780.5,301125.9,294147.1,244776.0,20460.3,87606.5,971.7,105624.7,26501.1,-104.3,-3321.0,94469.6,97790.6,-84.3,668.4,539448.9,21124.4,30246.0,9121.6,560573.3,542158.3,410157.3,132002.6,134566.9,537941.4
2015-10-01,537798.6,299134.3,292023.2,242625.7,20437.0,87449.9,1007.0,106489.1,27190.0,-75.1,-3811.8,93404.4,97216.2,-21.9,1652.1,539450.7,22068.1,31459.8,9391.7,561518.8,541613.6,408017.8,133594.1,135073.4,536884.2
2016-01-01,541996.9,299377.8,292186.5,242760.4,20431.4,86908.8,1234.7,107769.3,27954.0,11.8,-1682.2,94168.4,95850.6,-8.7,5619.9,547616.8,20242.1,29444.7,9202.6,567858.9,543669.4,407939.2,135729.3,135292.4,540770.8
2016-04-01,541033.0,297459.0,290154.4,240706.3,21022.6,87079.5,2879.6,106833.7,27128.6,-196.9,-1173.2,93569.2,94742.4,0.1,5698.6,546731.6,19125.0,28868.7,9743.7,565856.6,542195.2,408431.4,133763.7,135230.2,538363.5
2016-07-01,542176.8,298690.8,291257.1,241790.6,21384.8,87500.8,140.9,107219.4,27189.2,-272.0,318.9,95631.8,95313.0,4.1,5480.4,547657.2,18412.7,28465.7,10053.0,566069.9,541857.6,407719.2,134138.6,136075.5,542304.5
2016-10-01,542882.4,299405.3,291913.9,242424.4,21497.6,88129.6,-1405.0,107205.2,27222.2,-340.3,1164.4,97742.6,96578.2,3.5,4109.6,546992.1,18586.5,28642.2,10055.6,565578.6,541740.0,407647.7,134092.8,136850.8,544597.7
2017-01-01,547176.6,300941.3,293479.9,243962.0,21286.4,88395.2,-455.6,107505.6,27482.1,-287.3,2438.6,100049.5,97610.9,-129.7,1607.9,548784.5,20902.4,31358.1,10455.6,569686.9,544881.8,410179.4,134703.0,137164.6,547901.5
2017-04-01,549266.9,302557.7,295078.0,245535.1,21502.2,89080.3,-43.2,107025.0,27755.9,92.1,1361.3,100063.3,98702.0,-64.3,1435.4,550702.3,19753.6,30378.3,10624.7,570455.9,547952.1,413114.9,134838.7,138339.2,549227.5
2017-07-01,554058.6,301638.8,294093.1,244528.8,21324.3,90068.3,2343.8,107405.9,27204.4,82.5,4453.2,102537.4,98084.2,-462.6,2526.7,556585.3,21130.0,31486.6,10356.6,577715.3,549983.0,415318.7,134666.9,138595.2,551719.9
2017-10-01,554398.0,302588.8,295123.3,245536.2,20703.4,90430.3,3243.8,107381.8,27294.1,87.4,2894.7,103702.4,100807.6,-226.3,666.4,555064.4,20488.8,31496.2,11007.4,575553.3,551628.9,416890.9,134741.1,138421.7,551171.8
2018-01-01,554851.2,302103.0,294873.4,245265.0,20168.1,91333.8,1571.0,108204.0,27569.3,66.3,4074.2,105398.6,101324.4,-238.6,-396.8,554454.4,19874.4,31827.6,11953.3,574328.7,550939.7,415119.6,135821.4,139054.5,553277.7
2018-04-01,556928.7,302684.7,295800.7,246167.9,19557.6,92587.3,1625.1,108235.4,27882.1,-45.7,4687.1,106354.9,101667.8,-284.8,-2379.1,554549.7,21581.4,33360.8,11779.5,576131.1,552444.2,416394.4,136051.3,139997.9,555405.6
2018-07-01,554149.8,302908.2,296309.1,246653.0,19623.7,90325.6,2052.5,108227.1,27668.3,-19.4,3625.0,104806.5,101181.5,-261.2,-3892.6,550257.2,21428.4,33307.5,11879.0,571685.7,550714.1,414858.7,135856.6,137595.7,552167.0
2018-10-01,552848.2,302467.9,295876.1,246198.2,19960.9,91886.6,3311.3,108982.7,27265.7,-52.4,-914.0,105074.2,105988.2,-60.6,-4320.3,548527.9,22005.1,34340.5,12335.4,570533.0,553732.5,417564.2,136169.9,139084.7,549653.4
2019-01-01,554211.5,301487.9,294626.5,244931.6,20478.6,91937.9,1599.2,109317.8,27897.8,-160.1,1784.2,103766.3,101982.1,-131.7,-1452.8,552758.7,21471.2,33431.3,11960.1,574229.8,552472.7,415460.5,137013.9,140299.4,552857.6
2019-04-01,556606.5,302124.8,295035.3,245316.7,20755.5,91321.5,3184.4,110268.3,28320.9,-30.7,797.9,104268.6,103470.7,-135.9,-3098.7,553507.9,21902.0,34196.4,12294.4,575409.8,555881.8,417344.4,138539.1,140396.4,553513.0
2019-07-01,557627.4,304898.3,297690.1,247937.5,20886.4,93750.3,127.0,110980.1,28132.7,-47.8,-970.6,104723.4,105693.9,-128.9,-2334.7,555292.7,22202.7,34891.5,12688.8,577495.4,558659.1,419627.1,139033.5,142753.0,557615.3
2019-10-01,541507.4,294546.3,287115.7,237401.9,20495.0,86612.3,1276.5,111341.9,28045.2,10.3,-706.9,102682.0,103388.9,-113.2,-1089.8,540417.6,20861.7,33327.6,12466.0,561279.3,542278.2,402909.0,139370.7,135181.7,540276.8
2020-01-01,544491.5,296927.3,289167.7,239425.5,19566.7,90423.1,-1232.1,111331.5,27984.8,27.0,-567.5,98821.3,99388.8,30.7,-939.9,543551.6,21652.6,33050.3,11397.7,565204.3,544995.8,405681.9,139315.0,137950.4,545703.9
2020-04-01,503009.6,272580.1,264344.2,214757.3,19565.4,84093.8,1151.0,112013.5,29862.0,-92.6,-17338.3,81485.7,98823.9,1174.7,4480.0,507489.6,17801.1,28379.8,10578.7,525290.7,519153.0,377379.0,141776.9,133593.2,502019.7
2020-07-01,530141.2,287289.5,278614.7,228911.3,18592.2,84399.3,-1703.0,114062.4,29343.0,-29.4,-2070.5,89364.4,91435.0,257.7,4071.4,534212.6,18615.2,29077.1,10461.9,552827.8,531948.9,388594.7,143357.7,132376.1,531869.6
2020-10-01,539330.4,292664.2,283921.6,234160.8,18623.4,85716.1,-2074.4,115081.0,29472.0,-177.1,64.2,96837.3,96773.1,-39.0,5091.7,544422.1,19875.2,29513.2,9638.0,564297.3,539288.5,394955.0,144338.3,133843.1,541580.0
2021-01-01,540953.7,288022.0,279583.2,229836.0,18921.2,86992.6,902.5,114911.9,29269.5,-87.1,2502.5,101327.7,98825.2,-481.3,557.4,541511.2,22087.1,32761.5,10674.4,563598.3,538764.5,394715.3,144055.3,135200.4,540296.1
2021-04-01,544413.6,289281.0,281163.7,231381.4,19218.4,88912.7,1116.7,117478.7,28494.5,-10.7,160.1,103943.4,103783.3,-237.9,-2008.0,542405.6,27062.0,38376.3,11314.3,569467.6,544265.8,398400.0,145874.8,136606.3,543463.6
2021-07-01,541979.8,286144.3,278206.7,228426.8,19006.1,87722.9,1920.7,118250.0,28014.7,-15.5,1428.9,103172.5,101743.5,-492.3,-5485.4,536494.5,26531.9,37901.1,11369.2,563026.3,540759.1,394634.0,146140.4,134723.1,540255.6
2021-10-01,548363.2,294795.6,286981.9,237108.7,18933.1,87921.8,2139.1,117111.5,27668.6,33.9,119.3,102345.1,102225.8,-359.6,-8246.8,540116.4,27922.9,40483.2,12560.3,568039.3,548326.2,403621.8,144699.0,134489.4,546366.0
2022-01-01,544912.8,290874.8,283144.3,233287.2,18742.5,88084.8,3213.0,117801.2,26503.4,32.5,180.7,106426.3,106245.6,-520.1,-11185.2,533727.6,31520.3,44181.9,12661.6,565247.9,544933.9,400779.1,144149.7,133255.5,541788.4
2022-04-01,551262.9,296724.4,289144.7,239208.0,18301.6,89901.3,2721.4,118927.5,25616.5,56.3,-351.4,107597.4,107948.8,-634.8,-15389.8,535873.0,30230.7,43982.7,13751.9,566103.7,551816.6,407435.3,144361.2,133660.7,548602.3
2022-07-01,548887.6,296894.1,289478.9,239517.7,18376.1,91832.8,2248.1,118331.2,25816.7,-191.9,-3620.4,109451.9,113072.3,-799.0,-18935.1,529952.5,33025.4,47361.6,14336.2,562977.9,552834.6,409122.4,143683.4,135835.9,547014.6
2022-10-01,550536.5,297427.0,290013.4,240025.0,18558.7,90930.9,2027.7,119183.2,26015.6,143.5,-2862.4,110197.7,113060.1,-887.7,-17020.6,533515.9,37545.7,53833.6,16287.9,571061.7,553891.6,408710.4,145162.6,135348.1,548478.2
2023-01-01,556946.9,300269.2,292692.4,242636.9,18671.9,92185.2,1919.3,119352.9,26785.4,79.4,-1843.1,109085.2,110928.3,-473.4,-14616.3,542330.6,30691.7,49153.8,18462.1,573022.3,558868.7,412767.0,146075.0,137478.9,555138.3
2023-04-01,560304.6,298323.2,290560.6,240519.8,18954.7,90569.0,2540.4,117581.9,26816.2,25.9,4790.7,111412.6,106621.9,702.7,-9944.8,550359.7,33119.3,52619.3,19500.0,583479.0,554545.6,410207.8,144297.3,136241.3,557877.2
2023-07-01,554593.2,296793.1,288909.2,238880.0,18820.8,90261.9,-374.4,118103.1,26289.6,18.8,4773.9,112338.9,107565.0,-93.7,-8451.2,546142.0,32692.2,53599.9,20907.8,578834.2,549243.1,404996.0,144236.4,135259.3,555537.8
2023-10-01,554297.6,296687.8,288744.4,238704.6,18672.8,92407.0,-430.1,118008.5,25877.1,51.2,3764.1,115033.1,111269.0,-740.8,-9247.4,545050.2,34295.7,55692.3,21396.6,579345.9,550603.8,406822.8,143751.3,136769.5,555247.6
2024-01-01,552057.9,294914.1,286973.6,236961.9,18082.0,91426.4,469.4,118408.5,25298.7,10.6,3728.8,110859.6,107130.8,-280.5,-9326.5,542731.4,33446.0,56025.4,22579.5,576177.4,547901.9,404437.8,143445.5,134594.4,552031.6
2024-04-01,557290.2,297237.9,289308.1,239234.4,18302.8,92692.1,774.1,119466.0,26735.3,-24.3,2476.6,112500.3,110023.8,-370.2,-7395.7,549894.5,36405.5,59320.2,22914.7,586300.0,554587.6,408601.5,145989.5,137543.5,556965.6
2024-07-01,558680.0,299400.1,291456.2,241325.4,18427.8,92787.1,1189.8,119594.2,26431.7,40.5,1372.1,113850.4,112478.3,-563.3,-7404.3,551275.8,37132.0,60724.7,23592.6,588407.8,557333.4,411438.1,145874.8,137458.0,557783.5
2024-10-01,562010.8,299592.1,291614.5,241467.8,18393.5,93560.8,-285.3,119983.8,26246.2,-58.7,4872.2,115772.5,110900.2,-293.9,-6861.8,555148.9,35147.7,58403.9,23256.3,590296.6,556667.3,410745.5,145906.9,137990.0,562939.5
2025-01-01,561055.8,299720.0,291686.4,241521.1,18618.3,94887.9,1376.5,119949.5,26129.2,58.2,989.0,115097.3,114108.3,-672.8,-7360.6,553695.2,37716.7,61024.7,23308.0,591411.9,560280.5,414315.1,145915.5,139406.5,559917.9
