MONTH,top_25p_compare_past_1_months,top_100p_compare_past_1_months,top_25p_compare_past_2_months,top_100p_compare_past_2_months,top_25p_compare_past_3_months,top_100p_compare_past_3_months,top_25p_compare_past_4_months,top_100p_compare_past_4_months,top_25p_compare_past_5_months,top_100p_compare_past_5_months,top_25p_compare_past_6_months,top_100p_compare_past_6_months,top_25p_compare_past_7_months,top_100p_compare_past_7_months,top_25p_compare_past_8_months,top_100p_compare_past_8_months,top_25p_compare_past_9_months,top_100p_compare_past_9_months,top_25p_compare_past_10_months,top_100p_compare_past_10_months,top_25p_compare_past_11_months,top_100p_compare_past_11_months,top_25p_compare_past_12_months,top_100p_compare_past_12_months
2019-07,0.029628540511417972,0.029628540511417972,0.04921712548729248,0.029628540511417972,0.031220692452652608,0.029628540511417972,0.036063397350641416,0.029628540511417972,0.03845512359737524,0.029628540511417972,0.037696544097443975,0.029628540511417972,0.04771511685737189,0.029628540511417972,0.04753900746906542,0.029628540511417972,0.04733896477597745,0.029628540511417972,0.044882083752940144,0.029628540511417972,0.04177239721544578,0.029628540511417972,0.04251999471479159,0.029628540511417972
2019-08,-0.00858030382837171,-0.00858030382837171,-0.011312556706716048,-0.00858030382837171,-0.003041198561806683,-0.00858030382837171,6.078060317928763e-05,-0.00858030382837171,0.0006832363676996835,-0.00858030382837171,-0.002980660200857209,-0.00858030382837171,-0.005780764408040182,-0.00858030382837171,-0.008963521522308178,-0.00858030382837171,-0.005310834535382437,-0.00858030382837171,-0.0036540005429599592,-0.00858030382837171,0.00010599070900284974,-0.00858030382837171,0.0012141778123077838,-0.00858030382837171
2019-09,0.03878190119361994,0.03878190119361994,0.027372526008583455,0.03878190119361994,0.031236143096978763,0.03878190119361994,0.034818039464858314,0.03878190119361994,0.03516332581132292,0.03878190119361994,0.034358228794510254,0.03878190119361994,0.035736086337547594,0.03878190119361994,0.03414508136760554,0.03878190119361994,0.034860600454663486,0.03878190119361994,0.03466296558527515,0.03878190119361994,0.03872283532965061,0.03878190119361994,0.03872283532965061,0.03878190119361994
2019-10,0.01787215574019916,0.01787215574019916,0.02395889024126008,0.01787215574019916,0.01869458938080428,0.01787215574019916,0.023807936411556284,0.01787215574019916,0.029384294829625478,0.01787215574019916,0.01990279529530419,0.01787215574019916,0.021101856232365566,0.01787215574019916,0.019566743426308007,0.01787215574019916,0.02400430521748352,0.01787215574019916,0.02405141665493855,0.01787215574019916,0.01773328242332276,0.01787215574019916,0.01495384686313191,0.01787215574019916
2019-11,0.03168908111497485,0.03168908111497485,0.022209672726888972,0.03168908111497485,0.014304762351032504,0.03168908111497485,0.021108418106935572,0.03168908111497485,0.01683703562962544,0.03168908111497485,0.018242656397396726,0.03168908111497485,0.0165308504788888,0.03168908111497485,0.01841513344484482,0.03168908111497485,0.01920144074994897,0.03168908111497485,0.02188576767580884,0.03168908111497485,0.022331825992882838,0.03168908111497485,0.01750718081955866,0.03168908111497485
2019-12,0.017244938955418697,0.017244938955418697,0.022421261530802185,0.017244938955418697,0.01044983708078616,0.017244938955418697,0.014370718063298602,0.017244938955418697,0.010224378742214912,0.017244938955418697,0.010114999478020716,0.017244938955418697,0.011298015943688573,0.017244938955418697,0.011190172046251305,0.017244938955418697,0.008966659300771881,0.017244938955418697,0.009100315653183668,0.017244938955418697,0.010031369429074885,0.017244938955418697,0.011326920089902303,0.017244938955418697
2020-01,-0.03991944854055387,-0.03991944854055387,-0.02168686463922353,-0.03991944854055387,-0.019758563658971082,-0.03991944854055387,-0.015083325968924288,-0.03991944854055387,-0.002581783430724705,-0.03991944854055387,3.633247237394034e-05,-0.03991944854055387,-0.000693824134624297,-0.03991944854055387,-0.0008152224732338696,-0.03991944854055387,0.0015547617222373966,-0.03991944854055387,-0.007221690236585269,-0.03991944854055387,-0.00594186589398628,-0.03991944854055387,-0.00594186589398628,-0.03991944854055387
2020-02,-0.12665388817828158,-0.12665388817828158,-0.10646957432399781,-0.12665388817828158,-0.11119591570826964,-0.12665388817828158,-0.10663254632171709,-0.12665388817828158,-0.11655344267315866,-0.12665388817828158,-0.12030408428510166,-0.12665388817828158,-0.1165408227192392,-0.12665388817828158,-0.11829530691726259,-0.12665388817828158,-0.11464727041638573,-0.12665388817828158,-0.11448688434841012,-0.12665388817828158,-0.11945931914575106,-0.12665388817828158,-0.11526927829277048,-0.12665388817828158
2020-03,-0.03192338324183394,-0.03192338324183394,-0.0032292857908285534,-0.03192338324183394,-0.002962438026710406,-0.03192338324183394,-0.0021871762026930888,-0.03192338324183394,-0.0065455117594223275,-0.03192338324183394,-0.0063487276147496784,-0.03192338324183394,0.005424633301939666,-0.03192338324183394,0.008779424288292103,-0.03192338324183394,0.006800522049057034,-0.03192338324183394,0.003410089713764712,-0.03192338324183394,0.003234712939058632,-0.03192338324183394,0.00021019832873087757,-0.03192338324183394
2020-04,0.08063750029395121,0.08063750029395121,0.12808168332448394,0.08063750029395121,0.13053632999551065,0.08063750029395121,0.1484782048246407,0.08063750029395121,0.14811967175578167,0.08063750029395121,0.12450864404884765,0.08063750029395121,0.128333141455633,0.08063750029395121,0.14099056079953826,0.08063750029395121,0.16060442128581054,0.08063750029395121,0.16217129362490995,0.08063750029395121,0.15902755183661715,0.08063750029395121,0.13417588848601616,0.08063750029395121
2020-05,0.11527534842926154,0.11527534842926154,0.14235693725125012,0.11527534842926154,0.1589138722610359,0.11527534842926154,0.1523922415520052,0.11527534842926154,0.14442695502453193,0.11527534842926154,0.14339525013320753,0.11527534842926154,0.13695636625524638,0.11527534842926154,0.13089022137616874,0.11527534842926154,0.13194697250979237,0.11527534842926154,0.13194697250979237,0.11527534842926154,0.13194697250979237,0.11527534842926154,0.13725545072183004,0.11527534842926154
2020-06,0.005612846077243939,0.005612846077243939,-0.004017568733985893,0.005612846077243939,-0.009666864879431386,0.005612846077243939,0.015253033284090979,0.005612846077243939,0.03922905474399966,0.005612846077243939,0.03997065659604325,0.005612846077243939,0.043196428232365705,0.005612846077243939,0.05446732623050161,0.005612846077243939,0.05293199789452359,0.005612846077243939,0.04999449827255113,0.005612846077243939,0.050117762968795845,0.005612846077243939,0.050117762968795845,0.005612846077243939
2020-07,-0.04004727627253278,-0.04004727627253278,-0.042207439314122956,-0.04004727627253278,-0.09844634510307451,-0.04004727627253278,-0.10424334346854786,-0.04004727627253278,-0.09693472711689352,-0.04004727627253278,-0.03912613792526773,-0.04004727627253278,-0.019260995580775226,-0.04004727627253278,-0.003944055642311487,-0.04004727627253278,0.006374005661090247,-0.04004727627253278,0.0074990027089552845,-0.04004727627253278,0.0068218965845985025,-0.04004727627253278,0.006163106399726816,-0.04004727627253278
2020-08,0.13136261696996326,0.13136261696996326,0.13236035045762468,0.13136261696996326,0.13971197137752683,0.13136261696996326,0.14789134753524968,0.13136261696996326,0.15847671474721287,0.13136261696996326,0.17332206399518119,0.13136261696996326,0.16189527807041104,0.13136261696996326,0.15319939613096326,0.13136261696996326,0.15919636893652983,0.13136261696996326,0.15393177542689634,0.13136261696996326,0.14419164002990997,0.13136261696996326,0.13880121997312533,0.13136261696996326
2020-09,0.03644162658498349,0.03644162658498349,0.03948108433446332,0.03644162658498349,0.0418617311822668,0.03644162658498349,0.0378693541133011,0.03644162658498349,0.04045619318171861,0.03644162658498349,0.04297711188315965,0.03644162658498349,0.04726576203247874,0.03644162658498349,0.05169957251593015,0.03644162658498349,0.0587387757912453,0.03644162658498349,0.06027746721627999,0.03644162658498349,0.0669692120191123,0.03644162658498349,0.06537316919517305,0.03644162658498349
2020-10,-0.03322280283513801,-0.03322280283513801,-0.029560789702691832,-0.03322280283513801,-0.04731884250968275,-0.03322280283513801,-0.052863595001985675,-0.03322280283513801,-0.0537656148137354,-0.03322280283513801,-0.05901044011157493,-0.03322280283513801,-0.054857821130901444,-0.03322280283513801,-0.05296279727841863,-0.03322280283513801,-0.04470754778710603,-0.03322280283513801,-0.03983769071573298,-0.03322280283513801,-0.03955995562993762,-0.03322280283513801,-0.03847121388042601,-0.03322280283513801
2020-11,0.02852383031580837,0.02852383031580837,0.015475758942837484,0.02852383031580837,0.019248489842595265,0.02852383031580837,0.033444205745675484,0.02852383031580837,0.06453952432957114,0.02852383031580837,0.06728475602159002,0.02852383031580837,0.0705896668052962,0.02852383031580837,0.07314177642196493,0.02852383031580837,0.06559975700953755,0.02852383031580837,0.06382598005896395,0.02852383031580837,0.062136724547916265,0.02852383031580837,0.05756101476402306,0.02852383031580837
2020-12,0.009053799508497159,0.009053799508497159,0.003201960424084164,0.009053799508497159,0.003947199916202924,0.009053799508497159,0.0006766657703711088,0.009053799508497159,0.005425109851989701,0.009053799508497159,0.0051428461963161365,0.009053799508497159,0.009084828658957695,0.009053799508497159,0.010747371220017492,0.009053799508497159,0.011831646752055293,0.009053799508497159,0.005368985701560484,0.009053799508497159,0.008792759118714497,0.009053799508497159,0.014605553762281629,0.009053799508497159
2021-01,0.008457852107494505,0.008457852107494505,0.010762169114580557,0.008457852107494505,0.01271590563563069,0.008457852107494505,-0.0004029995204061698,0.008457852107494505,0.00018626329978115204,0.008457852107494505,0.011800056265648073,0.008457852107494505,0.003628696214994143,0.008457852107494505,0.001115540276722721,0.008457852107494505,0.009400009389530766,0.008457852107494505,0.018631818530072647,0.008457852107494505,0.024413834288491764,0.008457852107494505,0.02133066016559082,0.008457852107494505
2021-02,0.050907931693549714,0.050907931693549714,0.08415057311647947,0.050907931693549714,0.10072535509188221,0.050907931693549714,0.06822400261240391,0.050907931693549714,0.05720323010597035,0.050907931693549714,0.07089030485205304,0.050907931693549714,0.08531255430531758,0.050907931693549714,0.0921393704856101,0.050907931693549714,0.09695375388317536,0.050907931693549714,0.10144638395811924,0.050907931693549714,0.102323910255733,0.050907931693549714,0.09376396511150366,0.050907931693549714
2021-03,0.04445405059685267,0.04445405059685267,0.019238829219107634,0.04445405059685267,0.01813517865929761,0.04445405059685267,0.021660861241717733,0.04445405059685267,0.01965095440061503,0.04445405059685267,0.018467383292223968,0.04445405059685267,0.018937306659127597,0.04445405059685267,0.018937306659127597,0.04445405059685267,0.01936017620133838,0.04445405059685267,0.020225895926234635,0.04445405059685267,0.020040124677387312,0.04445405059685267,0.020535626102024397,0.04445405059685267
2021-04,-0.02394337922943482,-0.02394337922943482,-0.021793136689635513,-0.02394337922943482,-0.02399490725328563,-0.02394337922943482,-0.023994907253285628,-0.02394337922943482,-0.023394128146197547,-0.02394337922943482,-0.024525000293463883,-0.02394337922943482,-0.023153051682871663,-0.02394337922943482,-0.023019406767357618,-0.02394337922943482,-0.023019406767357618,-0.02394337922943482,-0.023019406767357618,-0.02394337922943482,-0.023019406767357618,-0.02394337922943482,-0.023019406767357618,-0.02394337922943482
2021-05,0.005609868096973381,0.005609868096973381,0.010184473656925035,0.005609868096973381,0.03506288967256144,0.005609868096973381,0.04436095053708748,0.005609868096973381,0.05425154631295476,0.005609868096973381,0.05036410075877192,0.005609868096973381,0.055720451789869216,0.005609868096973381,0.05979921083427976,0.005609868096973381,0.0580258115673012,0.005609868096973381,0.0580258115673012,0.005609868096973381,0.058025811567301216,0.005609868096973381,0.058025811567301216,0.005609868096973381
2021-06,0.02824037628993859,0.02824037628993859,0.032815337270956556,0.02824037628993859,0.026907119052622004,0.02824037628993859,0.023375708753410114,0.02824037628993859,0.027041922337745466,0.02824037628993859,0.0310258401265465,0.02824037628993859,0.04096330366437119,0.02824037628993859,0.04439291969507716,0.02824037628993859,0.04476570257668657,0.02824037628993859,0.04394136955536499,0.02824037628993859,0.040402983380922304,0.02824037628993859,0.035908045374848534,0.02824037628993859
2021-07,-0.034170504428293835,-0.034170504428293835,-0.03849824095327709,-0.034170504428293835,-0.04304723534024171,-0.034170504428293835,-0.0188253955650532,-0.034170504428293835,-0.019396740172588266,-0.034170504428293835,-0.017697340730946136,-0.034170504428293835,-0.025616299999271272,-0.034170504428293835,-0.03175792451392799,-0.034170504428293835,-0.030383188385979875,-0.034170504428293835,-0.033136851463224766,-0.034170504428293835,-0.03844747957487653,-0.034170504428293835,-0.04244440277261113,-0.034170504428293835
2021-08,0.017583183327248588,0.017583183327248588,0.03841179979731409,0.017583183327248588,0.03243620281800228,0.017583183327248588,0.026372172086438054,0.017583183327248588,0.033716265609121714,0.017583183327248588,0.03705773676326691,0.017583183327248588,0.029132119485353675,0.017583183327248588,0.04269752428985849,0.017583183327248588,0.0479909277756401,0.017583183327248588,0.042251728212262425,0.017583183327248588,0.04119284313764267,0.017583183327248588,0.037431706248716536,0.017583183327248588
2021-09,0.051321968783277036,0.051321968783277036,0.040620928009435196,0.051321968783277036,0.04152261846716536,0.051321968783277036,0.04481948016202707,0.051321968783277036,0.04436724662812776,0.051321968783277036,0.040811079686230926,0.051321968783277036,0.03989436348223298,0.051321968783277036,0.043377692784603676,0.051321968783277036,0.05196876424962154,0.051321968783277036,0.052253574924105727,0.051321968783277036,0.052041787093860384,0.051321968783277036,0.05813373131102305,0.051321968783277036
2021-10,-0.03255484580454669,-0.03255484580454669,-0.045859364826650595,-0.03255484580454669,-0.04625622709187836,-0.03255484580454669,-0.044993146061178484,-0.03255484580454669,-0.04421057488689548,-0.03255484580454669,-0.03229059813698512,-0.03255484580454669,-0.03854777697564038,-0.03255484580454669,-0.03349308119449453,-0.03255484580454669,-0.032409135040417564,-0.03255484580454669,-0.032297806439322965,-0.03255484580454669,-0.03276803987828187,-0.03255484580454669,-0.03480068124960334,-0.03255484580454669
2021-11,-0.05824744960277566,-0.05824744960277566,-0.0524880113932867,-0.05824744960277566,-0.04836843699614114,-0.05824744960277566,-0.03807374747172199,-0.05824744960277566,-0.03415610734222824,-0.05824744960277566,-0.03779122087987062,-0.05824744960277566,-0.029788396578319387,-0.05824744960277566,-0.03328747719387326,-0.05824744960277566,-0.028330626398537388,-0.05824744960277566,-0.02797973725558659,-0.05824744960277566,-0.03363099735634494,-0.05824744960277566,-0.028067036392458094,-0.05824744960277566
2021-12,-0.0007966426643439997,-0.0007966426643439997,0.007135922185939338,-0.0007966426643439997,0.008798468386285205,-0.0007966426643439997,0.007335199320172095,-0.0007966426643439997,0.008773663442603656,-0.0007966426643439997,0.01263493999294899,-0.0007966426643439997,0.008672275553326413,-0.0007966426643439997,-0.002057190641061495,-0.0007966426643439997,0.0020834952260852984,-0.0007966426643439997,0.003928233874376975,-0.0007966426643439997,0.0070597301985869925,-0.0007966426643439997,0.002105275737201831,-0.0007966426643439997
2022-01,-0.06185977355640428,-0.06185977355640428,-0.06876885170114591,-0.06185977355640428,-0.05579759273486905,-0.06185977355640428,-0.049382404783790065,-0.06185977355640428,-0.05498373925295099,-0.06185977355640428,-0.05187682380937442,-0.06185977355640428,-0.05008558769864955,-0.06185977355640428,-0.048183770015139335,-0.06185977355640428,-0.05138728459533328,-0.06185977355640428,-0.049127267521793125,-0.06185977355640428,-0.04832435672789386,-0.06185977355640428,-0.0502916318046851,-0.06185977355640428
2022-02,0.029750369516427573,0.029750369516427573,0.039699977204095876,0.029750369516427573,0.04330482661478523,0.029750369516427573,0.04702307263967592,0.029750369516427573,0.04761261946266245,0.029750369516427573,0.04377773043561836,0.029750369516427573,0.0487255252328515,0.029750369516427573,0.04633755968332399,0.029750369516427573,0.04414637394276809,0.029750369516427573,0.04403319510308556,0.029750369516427573,0.054501456592010764,0.029750369516427573,0.05686470779059425,0.029750369516427573
2022-03,0.01529249790582192,0.01529249790582192,0.034001479282716726,0.01529249790582192,0.026519195607026813,0.01529249790582192,0.023827104384035624,0.01529249790582192,0.026189952644660248,0.01529249790582192,0.029846508144613204,0.01529249790582192,0.03149956869818967,0.01529249790582192,0.028695059999815267,0.01529249790582192,0.028412214456941667,0.01529249790582192,0.02828563946917543,0.01529249790582192,0.02456791696572213,0.01529249790582192,0.02424958587075957,0.01529249790582192
2022-04,-0.020004387041553773,-0.020004387041553773,0.00025735846904369024,-0.020004387041553773,-0.0014685784450142424,-0.020004387041553773,-0.007157701717971796,-0.020004387041553773,0.007533316203519446,-0.020004387041553773,0.0005325560742013959,-0.020004387041553773,0.0026669445193287815,-0.020004387041553773,1.9494749401419067e-06,-0.020004387041553773,1.9494749401419067e-06,-0.020004387041553773,-0.00012450908286087688,-0.020004387041553773,-0.009802743230082747,-0.020004387041553773,-0.010677338423691434,-0.020004387041553773
2022-05,0.0036592236923720907,0.0036592236923720907,0.020840201658481886,0.0036592236923720907,0.03186530839035963,0.0036592236923720907,0.03066185737083065,0.0036592236923720907,0.022734615976741545,0.0036592236923720907,0.02386171473340066,0.0036592236923720907,0.023180197765420445,0.0036592236923720907,0.02934028172219052,0.0036592236923720907,0.02890465254021839,0.0036592236923720907,0.02890465254021839,0.0036592236923720907,0.026932428749219268,0.0036592236923720907,0.027651892079671374,0.0036592236923720907
2022-06,0.011161742709664147,0.011161742709664147,0.003115094634788446,0.011161742709664147,0.007981518004572603,0.011161742709664147,0.011162978557240157,0.011161742709664147,0.006554893348417474,0.011161742709664147,0.006754469119773012,0.011161742709664147,0.012665785562448132,0.011161742709664147,0.013764080108600342,0.011161742709664147,0.012926847155452252,0.011161742709664147,0.00931049274630574,0.011161742709664147,0.009660320549653649,0.011161742709664147,0.009725064152274483,0.011161742709664147
2022-07,0.03709651455354858,0.03709651455354858,0.05124794371478218,0.03709651455354858,0.02874196191955347,0.03709651455354858,0.03879890330717089,0.03709651455354858,0.040197901365961006,0.03709651455354858,0.035752179652499556,0.03709651455354858,0.03410940797416969,0.03709651455354858,0.03267314332479592,0.03709651455354858,0.025010789278128158,0.03709651455354858,0.02076445516762456,0.03709651455354858,0.02109179766276004,0.03709651455354858,0.021073955301438404,0.03709651455354858
2022-08,0.018756018968767926,0.018756018968767926,0.03575380081789088,0.018756018968767926,0.04294018858159003,0.018756018968767926,0.04043309916207172,0.018756018968767926,0.03814968715174295,0.018756018968767926,0.04654054286479859,0.018756018968767926,0.035784538925102485,0.018756018968767926,0.040834705101957997,0.018756018968767926,0.040929235192304646,0.018756018968767926,0.043357873455094224,0.018756018968767926,0.040364166308812954,0.018756018968767926,0.0437772911475697,0.018756018968767926
2022-09,-0.011417730323833856,-0.011417730323833856,0.013001518743922325,-0.011417730323833856,-0.0035779048083612666,-0.011417730323833856,0.0062661589310657835,-0.011417730323833856,-0.001963613651728308,-0.011417730323833856,0.0004252564711847203,-0.011417730323833856,-0.0010822643917890156,-0.011417730323833856,-0.004515622056652836,-0.011417730323833856,0.0011095173578537882,-0.011417730323833856,-0.000679741086453519,-0.011417730323833856,-0.0005502808063127347,-0.011417730323833856,-0.004824702882442783,-0.011417730323833856
2022-10,0.027966917486891167,0.027966917486891167,0.020918908669430275,0.027966917486891167,0.026624969251591045,0.027966917486891167,0.0321489349788177,0.027966917486891167,0.031408631567584944,0.027966917486891167,0.03052695277227583,0.027966917486891167,0.03320926303749139,0.027966917486891167,0.033891710922502594,0.027966917486891167,0.030768283037979655,0.027966917486891167,0.02701027357232098,0.027966917486891167,0.02500974303101773,0.027966917486891167,0.022533641795641886,0.027966917486891167
2022-11,0.023889089475859424,0.023889089475859424,0.02689050362015978,0.023889089475859424,0.02071100691750019,0.023889089475859424,0.028829301064676953,0.023889089475859424,0.03128373901929073,0.023889089475859424,0.029128673873161766,0.023889089475859424,0.04748823644326571,0.023889089475859424,0.04665501636449998,0.023889089475859424,0.041519658266021955,0.023889089475859424,0.042070564532122316,0.023889089475859424,0.0403705644486203,0.023889089475859424,0.04231145687854708,0.023889089475859424
2022-12,-0.015344955142206032,-0.015344955142206032,0.0012469130109472159,-0.015344955142206032,0.002235543599729107,-0.015344955142206032,0.008938866364251645,-0.015344955142206032,0.0043390655134729825,-0.015344955142206032,0.0053184495183699835,-0.015344955142206032,0.003279585473243274,-0.015344955142206032,0.0038521059765913098,-0.015344955142206032,-0.005929738123819165,-0.015344955142206032,-0.0009678425457980483,-0.015344955142206032,-0.004078509910516837,-0.015344955142206032,-0.005288195134144516,-0.015344955142206032
2023-01,0.017812970888412917,0.017812970888412917,0.03239523178309264,0.017812970888412917,0.036985787006254406,0.017812970888412917,0.03505867511047829,0.017812970888412917,0.030524117044783274,0.017812970888412917,0.029591142298551806,0.017812970888412917,0.0309091456596233,0.017812970888412917,0.03419844391688649,0.017812970888412917,0.037596361195637924,0.017812970888412917,0.03298325803099333,0.017812970888412917,0.034083582158987095,0.017812970888412917,0.028748414642566656,0.017812970888412917
2023-02,0.00269857438369488,0.00269857438369488,0.00812898514332313,0.00269857438369488,0.013519791660580061,0.00269857438369488,0.008869727372990445,0.00269857438369488,0.006645217838004209,0.00269857438369488,0.001619212657190705,0.00269857438369488,0.005257353135566961,0.00269857438369488,0.005338450006446314,0.00269857438369488,0.0028285767816280593,0.00269857438369488,0.0019747867063633993,0.00269857438369488,0.0006407788485048678,0.00269857438369488,-0.0007589630751751093,0.00269857438369488
2023-03,0.016966570469189368,0.016966570469189368,0.017627071912777743,0.016966570469189368,0.018126051040691916,0.016966570469189368,0.022352816968853502,0.016966570469189368,0.014472983642835578,0.016966570469189368,0.011667502254829758,0.016966570469189368,0.013293452856593614,0.016966570469189368,0.006947908450611564,0.016966570469189368,0.014102312345650608,0.016966570469189368,0.012218108492407752,0.016966570469189368,0.013383391074768733,0.016966570469189368,0.010574783753127261,0.016966570469189368
2023-04,0.044557155381643246,0.044557155381643246,0.056357852432995986,0.044557155381643246,0.040397758326184086,0.044557155381643246,0.046515849018001945,0.044557155381643246,0.03708488723856493,0.044557155381643246,0.03606324473456227,0.044557155381643246,0.03866610764195574,0.044557155381643246,0.03971053315473721,0.044557155381643246,0.03900292753063619,0.044557155381643246,0.03714475952155572,0.044557155381643246,0.03581380075423139,0.044557155381643246,0.035273760622332444,0.044557155381643246
2023-05,-0.007372827791503345,-0.007372827791503345,-0.013588152633497653,-0.007372827791503345,-0.016062075241598084,-0.007372827791503345,-0.010176764125385502,-0.007372827791503345,-0.009640086540687624,-0.007372827791503345,-0.009227973758169198,-0.007372827791503345,-0.016224988243152008,-0.007372827791503345,-0.016672571115096235,-0.007372827791503345,-0.014550108716663557,-0.007372827791503345,-0.014858483503823683,-0.007372827791503345,-0.017184621327872573,-0.007372827791503345,-0.01062237757813934,-0.007372827791503345
2023-06,0.04335392066565398,0.04335392066565398,0.051573495725453763,0.04335392066565398,0.04114711755203124,0.04335392066565398,0.04081622116113513,0.04335392066565398,0.04444731880209253,0.04335392066565398,0.04234443524711791,0.04335392066565398,0.037760056594840816,0.04335392066565398,0.042395098184846686,0.04335392066565398,0.042131681971858057,0.04335392066565398,0.046636673311261576,0.04335392066565398,0.04626797716646083,0.04335392066565398,0.04213354632011866,0.04335392066565398
2023-07,0.01346780149749079,0.01346780149749079,0.012515884235693883,0.01346780149749079,0.015479874257690143,0.01346780149749079,0.01389133311628783,0.01346780149749079,0.012335829357210556,0.01346780149749079,0.016212319854564762,0.01346780149749079,0.015659244598629902,0.01346780149749079,0.013366418821915386,0.01346780149749079,0.014523815526601536,0.01346780149749079,0.015027460414617425,0.01346780149749079,0.014252620408340494,0.01346780149749079,0.01259293197457518,0.01346780149749079
2023-08,0.013740056084654971,0.013740056084654971,0.026064845106506265,0.013740056084654971,0.03681853803764415,0.013740056084654971,0.031905482463444046,0.013740056084654971,0.04151619343340439,0.013740056084654971,0.040014672683635066,0.013740056084654971,0.03878789809881715,0.013740056084654971,0.03764471946024554,0.013740056084654971,0.050126908819828966,0.013740056084654971,0.04330185588157119,0.013740056084654971,0.04450837747504324,0.013740056084654971,0.03869796708709113,0.013740056084654971
2023-09,-0.022967856080725116,-0.022967856080725116,-0.01834541630295241,-0.022967856080725116,-0.03014185478189607,-0.022967856080725116,-0.03177799005420702,-0.022967856080725116,-0.026014236953111218,-0.022967856080725116,-0.02506993905671096,-0.022967856080725116,-0.01879513547491065,-0.022967856080725116,-0.017746733247535756,-0.022967856080725116,-0.01763678673085218,-0.022967856080725116,-0.01848547306712114,-0.022967856080725116,-0.019150523388478124,-0.022967856080725116,-0.019150523388478124,-0.022967856080725116
2023-10,-0.028343231101512587,-0.028343231101512587,-0.026204084893854115,-0.028343231101512587,-0.024503970284004098,-0.028343231101512587,-0.0299468623512178,-0.028343231101512587,-0.02894322729198055,-0.028343231101512587,-0.027902842379941215,-0.028343231101512587,-0.02299005465767158,-0.028343231101512587,-0.022131953725034514,-0.028343231101512587,-0.012414991213325283,-0.028343231101512587,-0.010389680139487972,-0.028343231101512587,-0.010622590099624598,-0.028343231101512587,-0.015790804384201926,-0.028343231101512587
2023-11,0.02633418459771155,0.02633418459771155,0.03956823257407709,0.02633418459771155,0.027795593108350395,0.02633418459771155,0.04240273256287502,0.02633418459771155,0.04223368490973107,0.02633418459771155,0.03551501369495612,0.02633418459771155,0.03837083129661595,0.02633418459771155,0.03937171042437981,0.02633418459771155,0.035633166736459186,0.02633418459771155,0.02945323871271277,0.02633418459771155,0.02848106797198586,0.02633418459771155,0.033019964390372636,0.02633418459771155
2023-12,0.009909159893199298,0.009909159893199298,0.016194524247407277,0.009909159893199298,0.021332175492424676,0.009909159893199298,0.017077493442710433,0.009909159893199298,0.020439366773434057,0.009909159893199298,0.02530772100798375,0.009909159893199298,0.016931779269205645,0.009909159893199298,0.027386503026205898,0.009909159893199298,0.02402072036623638,0.009909159893199298,0.022910443629074535,0.009909159893199298,0.022642214886977076,0.009909159893199298,0.013730169672548073,0.009909159893199298
2024-01,0.02936740734438547,0.02936740734438547,0.03694284328358932,0.02936740734438547,0.027992036587881106,0.02936740734438547,0.028203301127055564,0.02936740734438547,0.035320200896580556,0.02936740734438547,0.03306677907031587,0.02936740734438547,0.03801572048475538,0.02936740734438547,0.0356566709082004,0.02936740734438547,0.03735391659119333,0.02936740734438547,0.03762738445571477,0.02936740734438547,0.028664572309053775,0.02936740734438547,0.03013022160794713,0.02936740734438547
2024-02,0.00881445716672245,0.00881445716672245,0.034607817647606814,0.00881445716672245,0.0230191374940903,0.00881445716672245,0.02026625854012159,0.00881445716672245,0.012188076014408546,0.00881445716672245,0.013393670624178466,0.00881445716672245,-0.0022772336840212663,0.00881445716672245,-0.0025707136161481547,0.00881445716672245,0.00018171426828635703,0.00881445716672245,0.00728879762855845,0.00881445716672245,0.011396313676308379,0.00881445716672245,0.005230229956397858,0.00881445716672245
2024-03,0.030337792922201998,0.030337792922201998,0.017418779445028357,0.030337792922201998,0.02267968805324963,0.030337792922201998,0.021718827246027445,0.030337792922201998,0.034100976553630376,0.030337792922201998,0.028278093090987385,0.030337792922201998,0.02817186847245674,0.030337792922201998,0.036728017423485144,0.030337792922201998,0.04230330899201941,0.030337792922201998,0.045542339598079025,0.030337792922201998,0.035084377830202004,0.030337792922201998,0.0315173556273631,0.030337792922201998
2024-04,-0.02714833967432022,-0.02714833967432022,-0.023959818651712837,-0.02714833967432022,-0.02147929483813041,-0.02714833967432022,-0.011575351836810572,-0.02714833967432022,-0.01622934668279911,-0.02714833967432022,-0.014469649915630958,-0.02714833967432022,-0.016115869440882266,-0.02714833967432022,-0.011542835138729522,-0.02714833967432022,-0.013614044284844206,-0.02714833967432022,-0.0125999172400715,-0.02714833967432022,-0.007851368677593194,-0.02714833967432022,-0.008475194429686042,-0.02714833967432022
2024-05,-0.002512299569815531,-0.002512299569815531,0.004749524091018038,-0.002512299569815531,0.0146423016657065,-0.002512299569815531,-0.0005228782625662327,-0.002512299569815531,-0.007806604686246699,-0.002512299569815531,-0.007503100979871851,-0.002512299569815531,-0.0006817989142808866,-0.002512299569815531,-0.005023052220725214,-0.002512299569815531,-0.01137036001194422,-0.002512299569815531,-0.017391223263660018,-0.002512299569815531,-0.01686528647837694,-0.002512299569815531,-0.01596254518517124,-0.002512299569815531
2024-06,0.020682041522909547,0.020682041522909547,0.036126368756374504,0.020682041522909547,0.02783781594884096,0.020682041522909547,0.024221437730666987,0.020682041522909547,0.02567050153856243,0.020682041522909547,0.025418438726764768,0.020682041522909547,0.025419396075861182,0.020682041522909547,0.027238193162142883,0.020682041522909547,0.02673235345398347,0.020682041522909547,0.02768846133713312,0.020682041522909547,0.026676843958590483,0.020682041522909547,0.02694056189740486,0.020682041522909547
2024-07,0.018202067036605728,0.018202067036605728,0.01679138781890869,0.018202067036605728,0.018021881420757013,0.018202067036605728,0.015936998176922908,0.018202067036605728,0.0205669390649003,0.018202067036605728,0.020079219643181104,0.018202067036605728,0.016496222019105947,0.018202067036605728,0.024526399923501238,0.018202067036605728,0.02030900659497914,0.018202067036605728,0.02352194807134064,0.018202067036605728,0.02924900213410655,0.018202067036605728,0.03139921481812737,0.018202067036605728
2024-08,0.002426364723765305,0.002426364723765305,0.010038585939251967,0.002426364723765305,0.020723838350298923,0.002426364723765305,0.02331436545348866,0.002426364723765305,0.01730705147207754,0.002426364723765305,0.019001915843545946,0.002426364723765305,0.0205468755265513,0.002426364723765305,0.017025387318492367,0.002426364723765305,0.018646627817490345,0.002426364723765305,0.02211561972935333,0.002426364723765305,0.02256913204516156,0.002426364723765305,0.022778172366192347,0.002426364723765305
2024-09,0.006078194019602715,0.006078194019602715,0.005434775962140794,0.006078194019602715,0.008478168707518989,0.006078194019602715,0.0070908329096720886,0.006078194019602715,0.008514364396393942,0.006078194019602715,0.015875250395095665,0.006078194019602715,0.01839016656109592,0.006078194019602715,0.01599975616999131,0.006078194019602715,0.01828195585075544,0.006078194019602715,0.021567503696265252,0.006078194019602715,0.018822240108942984,0.006078194019602715,0.0196180494638455,0.006078194019602715
2024-10,-0.011425860517620703,-0.011425860517620703,-0.017909712887209276,-0.011425860517620703,-0.014852300057428292,-0.011425860517620703,-0.015270444146628554,-0.011425860517620703,-0.0177846671168214,-0.011425860517620703,-0.01384725347313724,-0.011425860517620703,-0.00504125153727945,-0.011425860517620703,-0.0052375550314855395,-0.011425860517620703,-0.0056982229801201476,-0.011425860517620703,-0.009305147180534323,-0.011425860517620703,-0.01166949258981492,-0.011425860517620703,-0.011806313231494376,-0.011425860517620703
2024-11,0.011466386860876593,0.011466386860876593,0.005752163495157149,0.011466386860876593,0.019674964753114508,0.011466386860876593,0.010215378397440092,0.011466386860876593,0.0149846530113142,0.011466386860876593,0.018645531080499385,0.011466386860876593,0.022991482392428368,0.011466386860876593,0.021120928852981155,0.011466386860876593,0.02328775883113774,0.011466386860876593,0.009762977137859997,0.011466386860876593,0.011188971509197563,0.011466386860876593,0.012806545303899717,0.011466386860876593
2024-12,0.011787687131240407,0.011787687131240407,0.010618030850091168,0.011787687131240407,0.0158455644048077,0.011787687131240407,0.009460480137948334,0.011787687131240407,0.0006694800680824052,0.011787687131240407,-0.002514603773294181,0.011787687131240407,-0.0005255289065632099,0.011787687131240407,0.0008264078758123058,0.011787687131240407,0.0034325320276750735,0.011787687131240407,0.010282914704664685,0.011787687131240407,0.010126602696057283,0.011787687131240407,0.011780354378075796,0.011787687131240407
2025-01,0.014746874765066285,0.014746874765066285,0.019811553061251316,0.014746874765066285,0.018810766155463933,0.014746874765066285,0.014630661605744225,0.014746874765066285,0.011442427447968452,0.014746874765066285,0.013904876900976715,0.014746874765066285,0.013857446457182853,0.014746874765066285,0.011620377965712431,0.014746874765066285,0.01285893887022364,0.014746874765066285,0.014421724612369353,0.014746874765066285,0.013595192141977132,0.014746874765066285,0.017005583219574124,0.014746874765066285
2025-02,-0.019038500996488912,-0.019038500996488912,-0.0044283402962579195,-0.019038500996488912,0.0018939926269400378,-0.019038500996488912,0.007593693922545053,-0.019038500996488912,-0.016197962443273956,-0.019038500996488912,-0.012342350447474813,-0.019038500996488912,-0.006402231943178306,-0.019038500996488912,-0.006984767368573792,-0.019038500996488912,-0.006279492803096541,-0.019038500996488912,-0.015193350735768059,-0.019038500996488912,0.0003231153267802355,-0.019038500996488912,-0.0025693359695099687,-0.019038500996488912
2025-03,0.019659001961095733,0.019659001961095733,0.018719960464203225,0.019659001961095733,0.017553169831527875,0.019659001961095733,0.02251575053565687,0.019659001961095733,0.028085056312339953,0.019659001961095733,0.025371178531206295,0.019659001961095733,0.026491175971675815,0.019659001961095733,0.028982904327857585,0.019659001961095733,0.025292679740105625,0.019659001961095733,0.030797859904562516,0.019659001961095733,0.029580504031347765,0.019659001961095733,0.023190659838253122,0.019659001961095733
2025-04,0.04550931955144598,0.04550931955144598,0.046436881700891275,0.04550931955144598,0.04598651258207942,0.04550931955144598,0.054037700412472724,0.04550931955144598,0.04825853234109251,0.04550931955144598,0.0460105437507131,0.04550931955144598,0.047789190751491226,0.04550931955144598,0.047341639111787764,0.04550931955144598,0.039571662788635956,0.04550931955144598,0.03957748800441134,0.04550931955144598,0.04186442067646573,0.04550931955144598,0.03999479080144681,0.04550931955144598
2025-05,0.00907754599710906,0.00907754599710906,0.014995177680391329,0.00907754599710906,0.016570712402839506,0.00907754599710906,0.014933059137238898,0.00907754599710906,0.02083191032555326,0.00907754599710906,0.023917557068028977,0.00907754599710906,0.019519376285587746,0.00907754599710906,0.022056525745692196,0.00907754599710906,0.024406068536695826,0.00907754599710906,0.01960298780922047,0.00907754599710906,0.020297649671663295,0.00907754599710906,0.023179344398344688,0.00907754599710906
