DATE,MKT_RF,SMB,HML,RF
2010-01-31,-0.009804939411268435,-0.0005,-0.0042,0.00010493941126843431
2010-02-01,,,,0.00010493941126843431
2010-02-28,0.0010867372497897142,-0.005600000000000001,0.004,0.00011326275021028565
2010-03-01,0.0011395243552296066,-0.0058463398253861655,0.004175957018132974,0.00011326275021028565
2010-03-31,-0.0037124304506039396,-0.0051,0.002,0.00011243045060393975
2010-04-01,-0.0037475542846341753,-0.0051497587648761676,0.0020195132411279086,0.00011243045060393975
2010-04-30,-0.017304927326565706,-0.0097,-0.0086,0.00011492732656570581
2010-05-01,-0.01681394091756167,-0.009422945423656825,-0.008354363983860691,0.00011492732656570581
2010-05-31,-0.011895771779452368,0.0011,-0.0069,0.00010577177945236826
2010-06-01,-0.011531079463352249,0.0010659744234342552,-0.006686566837905783,0.00010577177945236826
2010-06-30,-0.009898268838282744,0.0004,-0.0033,0.00010826883828274347
2010-07-01,-0.009645402833319966,0.00038966839612000905,-0.0032147642679900747,0.00010826883828274347
2010-07-31,0.0005058929645360705,0.0004,-0.0022,0.00010410703546392952
2010-08-01,0.000490849546682649,0.0003901354637026745,-0.00214574505036471,0.00010410703546392952
2010-08-31,1.1719808552247319e-05,-0.0025,0.0078000000000000005,9.828019144775269e-05
2010-09-01,1.0518479017584452e-05,-0.0024726970560303894,0.007714814814814815,9.828019144775269e-05
2010-09-30,-0.002689945042129734,0.0003,0.0033,9.994504212973432e-05
2010-10-01,-0.002607880711836888,0.0002904944791166587,0.003195439270283246,9.994504212973432e-05
2010-10-31,0.0006100549578702658,0.0034999999999999996,-0.0013,9.994504212973432e-05
2010-11-01,0.0006395356222232653,0.0036453272186415466,-0.0013539786812097174,9.994504212973432e-05
2010-11-30,-0.006099933506069915,-0.0022,0.0005,0.0001099335060699147
2010-12-01,-0.005920297661728609,-0.00213402356301321,0.00048500535523027493,0.0001099335060699147
2010-12-31,-0.0011049273265657058,-0.0063,0.0022,0.00011492732656570581
2011-01-01,-0.0011113645735292687,-0.006340964298859036,0.0022143049932523617,0.00011492732656570581
2011-01-31,0.007098390137673454,0.0002,-0.0029,0.00010160986232654601
2011-02-01,0.007066795793451123,0.0001991223793271575,-0.0028872745002437835,0.00010160986232654601
2011-02-28,0.004103395859984046,-0.0046,0.0028000000000000004,0.00010660414001595342
2011-03-01,0.004163185282119208,-0.004665328109696376,0.002839764936336925,0.00010660414001595342
2011-03-31,-0.001203274652039076,0.0059,-0.0028000000000000004,0.00010327465203907593
2011-04-01,-0.0011868091764234312,0.00581168517624336,-0.0027580878802510866,0.00010327465203907593
2011-04-30,0.0027958929645360703,0.0019,-0.0003,0.00010410703546392952
2011-05-01,0.0027958929645360703,0.0019,-0.0003,0.00010410703546392952
2011-05-31,0.01030255224532576,0.0044,-0.0004,9.744775467424027e-05
2011-06-01,0.010152160088463015,0.004336372549019608,-0.00039421568627450983,9.744775467424027e-05
2011-06-30,0.009820451479715976,0.0019,-0.0028000000000000004,7.954852028402293e-05
2011-07-01,0.009472067993021124,0.0018331385227555335,-0.0027014672966923655,7.954852028402293e-05
2011-07-31,-0.005787874183926972,0.0027,0.0007000000000000001,8.787418392697255e-05
2011-08-01,-0.005713676478037037,0.0026648537182626625,0.0006908880010310607,8.787418392697255e-05
2011-08-31,0.00411170955290376,-0.008100000000000001,0.0048,8.829044709623979e-05
2011-09-01,0.004118290905737398,-0.008112692609036304,0.004807521546095587,8.829044709623979e-05
2011-09-30,-0.025085376564887164,-0.0008,-0.0021,8.537656488716294e-05
2011-10-01,-0.025773121023818065,-0.0008220078226857889,-0.0021577705345501956,8.537656488716294e-05
2011-10-31,-0.025087457918851676,0.0007000000000000001,-0.0087,8.745791885167442e-05
2011-11-01,-0.024833683017189453,0.0006928943027534578,-0.008611686334221545,8.745791885167442e-05
2011-11-30,0.04431212581607303,0.0106,0.0113,8.787418392697255e-05
2011-12-01,0.04406169638394893,0.010540212793231635,0.011236264581463913,8.787418392697255e-05
2011-12-31,-0.004187874183926972,-0.0006,-0.002,8.787418392697255e-05
2012-01-01,-0.004120747717509543,-0.00059017661467062,-0.0019672553822354007,8.787418392697255e-05
2012-01-31,-0.0006862091121907049,-0.0004,0.0003,8.620911219070493e-05
2012-02-01,-0.0007191579981671139,-0.0004219659239842726,0.00031647444298820446,8.620911219070493e-05
2012-02-29,-0.005588706708359699,-0.0102,0.0015,8.870670835969818e-05
2012-03-01,-0.005703503577535994,-0.010412896011926949,0.0015313082370480805,8.870670835969818e-05
2012-03-31,0.0027137908878092955,-0.0069,-0.0004,8.620911219070493e-05
2012-04-01,0.0026650626414906876,-0.006779919678714858,-0.0003930388219544846,8.620911219070493e-05
2012-04-30,-0.0048862091121907045,-0.0058,0.0,8.620911219070493e-05
2012-05-01,-0.004771470444863482,-0.005661357443646272,0.0,8.620911219070493e-05
2012-05-31,-0.0023891229677173477,0.0015,0.0054,8.912296771734773e-05
2012-06-01,-0.002412470258670272,0.0015152264940997335,0.005454815378759041,8.912296771734773e-05
2012-06-30,0.025413374617016347,0.0034999999999999996,-0.0062,8.662538298365163e-05
2012-07-01,0.024987360297207276,0.0034415274463007158,-0.006096420047732696,8.662538298365163e-05
2012-07-31,-0.004784960288376345,-0.0005,0.0018,8.496028837634562e-05
2012-08-01,-0.004795767646577673,-0.0005011497189575881,0.0018041389882473171,8.496028837634562e-05
2012-08-31,0.005113790887809295,-0.001,-0.0002,8.620911219070493e-05
2012-09-01,0.005055468175599252,-0.000988784093805761,-0.0001977568187611522,8.620911219070493e-05
2012-09-30,-0.0046878741839269725,-0.003,-0.0022,8.787418392697255e-05
2012-10-01,-0.004815355493542854,-0.0030831399845320964,-0.002260969321990204,8.787418392697255e-05
2012-10-31,0.0013142071605080508,0.0048,0.0036,8.579283949194938e-05
2012-11-01,0.0013651290217898768,0.004974589238680546,0.0037309419290104096,8.579283949194938e-05
2012-11-30,0.00011212581607302746,-0.0016,0.0028000000000000004,8.787418392697255e-05
2012-12-01,0.0001210571969274387,-0.00167145104683529,0.0029250393319617575,8.787418392697255e-05
2012-12-31,0.01701921201390992,0.0038,-0.0011,9.078798609007954e-05
2013-01-01,0.017931005341064694,0.004002502316960149,-0.001158619091751622,9.078798609007954e-05
2013-01-31,-0.0007816300076726951,0.0069,0.0016,8.163000767269502e-05
2013-02-01,-0.0007927166772723432,0.0070092828860536735,0.0016253409590849099,8.163000767269502e-05
2013-02-28,-0.0006558161951829116,0.001,-0.0014000000000000002,5.58161951829117e-05
2013-03-01,-0.0006667300106874591,0.0010181896925075791,-0.0014254655695106109,5.58161951829117e-05
2013-03-31,0.00386459023033224,-0.0027,-0.0029,3.5409769667760216e-05
2013-04-01,0.004021768027014503,-0.002808815397703105,-0.003016875797532964,3.5409769667760216e-05
2013-04-30,0.0028241982771096547,0.0037,-0.0001,7.580172289034515e-05
2013-05-01,0.0029071994015091233,0.0038058979863027703,-0.00010286210773791271,7.580172289034515e-05
2013-05-31,-0.013262728353819263,0.0051,-0.0026,6.272835381926356e-05
2013-06-01,-0.013026615862514484,0.005008774719268608,-0.0025534929941369374,6.272835381926356e-05
2013-06-30,-0.003480547640177953,0.0031,-0.0012,8.054764017795257e-05
2013-07-01,-0.0034468331810056365,0.0030692603460487702,-0.001188100779115653,8.054764017795257e-05
2013-07-31,0.0009292775156698454,0.0013,0.0015,7.07224843301546e-05
2013-08-01,0.00093142365772401,0.001302789984670414,0.001503219213081247,7.07224843301546e-05
2013-08-31,-0.0047677247677614006,-0.0115,-0.0019,6.772476776140124e-05
2013-09-01,-0.004759576695152794,-0.011480063226595961,-0.0018967060983071588,6.772476776140124e-05
2013-09-30,-0.004923413651336401,0.0052,0.0001,2.3413651336401387e-05
2013-10-01,-0.004945938934817861,0.0052239043824701195,0.00010045969966288693,2.3413651336401387e-05
2013-10-31,-0.003357981506223159,-0.0008,-0.0045000000000000005,5.798150622315923e-05
2013-11-01,-0.0034888539894446357,-0.0008317266625991458,-0.004678462477120195,5.798150622315923e-05
2013-11-30,-0.0003371590713446057,0.0029,-0.0015,3.715907134460572e-05
2013-12-01,-0.0003463433436450752,0.0029887812989045385,-0.0015459213615023476,3.715907134460572e-05
2013-12-31,0.004258509469362378,-0.0018,0.0008,4.1490530637622314e-05
2014-01-01,0.004140980761001363,-0.0017508019360349244,0.0007781341937932998,4.1490530637622314e-05
2014-01-31,-0.006636992472635111,-0.0008,-0.0032,3.6992472635111184e-05
2014-02-01,-0.006583543355648088,-0.0007935213191530881,-0.0031740852766123525,3.6992472635111184e-05
2014-02-28,0.0014666727762164254,-0.0073,0.0084,3.3327223783574667e-05
2014-03-01,0.001486149463212294,-0.0073947865433798944,0.008509069447176864,3.3327223783574667e-05
2014-03-31,0.00957816928804739,0.01,-0.0018,2.183071195260844e-05
2014-04-01,0.00953435495516722,0.00995436006991649,-0.001791784812584968,2.183071195260844e-05
2014-04-30,0.0034629242279719495,0.0023,-0.0005,3.7075772028050125e-05
2014-05-01,0.003433219808890884,0.0022804799531752997,-0.0004957565115598478,3.7075772028050125e-05
2014-05-31,0.000570504785292702,-0.0066,0.0026,2.949521470729799e-05
2014-06-01,0.0005690289883623596,-0.006583766233766233,0.0025936048799685162,2.949521470729799e-05
2014-06-30,0.0006791690534383105,0.0027,0.0017000000000000001,2.08309465616896e-05
2014-07-01,0.0006893870236523356,0.0027394121708255253,0.0017248150705197753,2.08309465616896e-05
2014-07-31,-0.020321997338448985,-0.002,0.0048,2.199733844898688e-05
2014-08-01,-0.020511440324742364,-0.0020186643336249635,0.004844794400699912,2.199733844898688e-05
2014-08-31,0.0038740870268043483,0.0027,0.0009,2.5912973195652e-05
2014-09-01,0.0040840552440825914,0.002845362611961861,0.000948454203987287,2.5912973195652e-05
2014-09-30,-0.003996749941904795,-0.009899999999999999,0.0011,-3.2500580952055103e-06
2014-10-01,-0.004062917004599,-0.010063763480168157,0.0011181959422409066,-3.2500580952055103e-06
2014-10-31,0.012331588820950335,0.0028000000000000004,0.002,-3.158882095033455e-05
2014-11-01,0.013104554747409024,0.0029759597230962875,0.002125685516497348,-3.158882095033455e-05
2014-11-30,-0.0033798310961679484,-0.0089,-0.0116,-2.0168903832051832e-05
2014-12-01,-0.0034252717999405753,-0.009018947724581288,-0.011755032989341904,-2.0168903832051832e-05
2014-12-31,-0.009300000000000001,0.005,-0.0045000000000000005,0.0
2015-01-01,-0.009152504173622705,0.004920701168614357,-0.004428631051752922,0.0
2015-01-31,-0.013099083328711791,-0.0079,0.0005,-9.166712882091588e-07
2015-02-01,-0.013253527773156235,-0.007993138252756575,0.0005058948261238337,-9.166712882091588e-07
2015-02-28,-0.003596499932623184,-0.0022,0.0022,-3.500067376815963e-06
2015-03-01,-0.003624264204565509,-0.0022169670550758656,0.0022169670550758656,-3.500067376815963e-06
2015-03-31,-0.007504333230058995,0.004,0.0039000000000000003,4.333230058994886e-06
2015-04-01,-0.007423225169165559,0.0039567423675235,0.0038578238083354136,4.333230058994886e-06
2015-04-30,-0.011086749034308176,-0.0106,0.0070999999999999995,-1.325096569182449e-05
2015-05-01,-0.011538552919599572,-0.01103145235892692,0.007388991674375578,-1.325096569182449e-05
2015-05-31,-0.005800499998624947,0.0001,0.0005,4.999986249476507e-07
2015-06-01,-0.005730196968321917,9.87878787878788e-05,0.000493939393939394,4.999986249476507e-07
2015-06-30,0.003298416680454749,0.0032,-0.0066,1.5833195452508164e-06
2015-07-01,0.0033515945945651786,0.003251566462167689,-0.006706355828220859,1.5833195452508164e-06
2015-07-31,-0.0014992499969062587,0.0085,-0.0101,-7.500030937412916e-07
2015-08-01,-0.001462661685845238,0.008292666237320882,-0.00985363870552246,-7.500030937412916e-07
2015-08-31,-0.007399666666055554,0.0077,0.014199999999999999,-3.3333394444667874e-07
2015-09-01,-0.0073288357394114415,0.007626297549302749,0.014064081194818055,-3.3333394444667874e-07
2015-09-30,0.018819335389415895,-0.0043,-0.0044,-1.933538941589763e-05
2015-10-01,0.01893054092136624,-0.004325435307839707,-0.004426026826626677,-1.933538941589763e-05
2015-10-31,-0.004198999994499926,0.002,-0.005699999999999999,-1.0000055000736197e-06
2015-11-01,-0.004271701667516325,0.002034619844293523,-0.00579866655623654,-1.0000055000736197e-06
2015-11-30,-0.004742315035298623,0.0012,0.0067,-5.768496470137663e-05
2015-12-01,-0.004648136088787185,0.0011764552633721404,0.006568541887161118,-5.768496470137663e-05
2015-12-31,-0.009171078733358665,-0.0024,0.0023,-2.8921266641335208e-05
2016-01-01,-0.009187122579895783,-0.0024041853512705527,0.0023040109616342796,-2.8921266641335208e-05
2016-01-31,0.025726337148047892,0.0048,0.0042,-2.6337148047894665e-05
2016-02-01,0.024098649176564842,0.004495996020890325,0.003933996518279035,-2.6337148047894665e-05
2016-02-29,-0.006808880484384154,0.006500000000000001,0.0025,-8.111951561584618e-05
2016-03-01,-0.006774732329680198,0.0064677847597132505,0.0024876095229666344,-8.111951561584618e-05
2016-03-31,-0.0010116328977736934,0.0045000000000000005,-0.0049,-7.83671022263066e-05
2016-04-01,-0.000972562364997744,0.00433869963532865,-0.004724361825135639,-7.83671022263066e-05
2016-04-30,-0.004678515504494492,-0.0015,0.0036,-0.0003214844955055085
2016-05-01,-0.0048048992683321304,-0.0015379151291512916,0.0036909963099630997,-0.0003214844955055085
2016-05-31,0.00015508008363266496,0.0052,-0.0037,-0.000245080083632665
2016-06-01,0.00016191470663068548,0.004805110671225482,-0.0034190210545258235,-0.000245080083632665
2016-06-30,0.014443466219104804,0.0034999999999999996,0.0042,-0.00023346621910480536
2016-07-01,0.014572144894859428,0.003531694255111976,0.004238033106134372,-0.00023346621910480536
2016-07-31,0.0019556649937602197,-0.0005,0.0003,-0.00024566499376021955
2016-08-01,0.0019498896391331813,-0.0004983112998166554,0.00029898677988999324,-0.00024566499376021955
2016-08-31,-0.0021800076373281706,-0.0039000000000000003,0.0015,-0.0002099923626718292
2016-09-01,-0.0021249321144776673,-0.0038101278079008525,0.0014654337722695586,-0.0002099923626718292
2016-09-30,0.009126216046627238,0.0038,0.0034999999999999996,-0.0003162160466272379
2016-10-01,0.009477219019868071,0.003951397423191279,0.0036394449950445983,-0.0003162160466272379
2016-10-31,0.00048265851326496727,0.0007000000000000001,0.0009,-0.00027265851326496726
2016-11-01,0.0004982904232916543,0.0007521063667556235,0.0009669939001143729,-0.00027265851326496726
2016-11-30,-0.002184570776781255,-0.0038,0.022000000000000002,-0.000305429223218745
2016-12-01,-0.002281316984534293,-0.0039476448150447966,0.022854785771311985,-0.000305429223218745
2016-12-31,-0.004839659057786466,-0.0011,0.0021,-0.00035034094221353396
2017-01-01,-0.004681003093308625,-0.0010663734950046965,0.0020358039450089657,-0.00035034094221353396
2017-01-31,0.0002524636529049684,0.0087,-0.0055000000000000005,-0.0002324636529049684
2017-02-01,0.00025224873173875683,0.008606509292697965,-0.005440896679291818,-0.0002324636529049684
2017-02-28,-0.003942523405500647,-0.0137,0.0014000000000000002,-0.00023747659449935288
2017-03-01,-0.003923542014707307,-0.0136377882646247,0.0013936425963850059,-0.00023747659449935288
2017-03-31,-0.001427104136372834,0.0058,-0.0032,-0.00016289586362716602
2017-04-01,-0.0014198510057824942,0.005773542039355993,-0.0031854025044722725,-0.00016289586362716602
2017-04-30,-0.002822964484657325,-0.006999999999999999,-0.006,-0.000147035515342675
2017-05-01,-0.0028141577634784227,-0.006979243418096862,-0.005982208644083026,-0.000147035515342675
2017-05-31,-6.218609185659404e-05,0.0004,-0.0053,-0.00010781390814340597
2017-06-01,-6.387138385371014e-05,0.0004039653929343908,-0.005352541456380678,-0.00010781390814340597
2017-06-30,0.001506949224822487,-0.0009,-0.003,-7.694922482248678e-05
2017-07-01,0.0014887009649616981,-0.0008885150812064964,-0.002961716937354988,-7.694922482248678e-05
2017-07-31,-0.0009526866838384608,-0.0034999999999999996,0.0046,-0.00010731331616153916
2017-08-01,-0.0009513452755405306,-0.0034955708216577778,0.004594178794178794,-0.00010731331616153916
2017-08-31,0.006409240777921908,0.0049,-0.0043,-0.0001692407779219085
2017-09-01,0.006520497905263749,0.004987365372431894,-0.004376667571725948,-0.0001692407779219085
2017-09-30,0.00373184843515745,-0.0014000000000000002,-0.0026,-0.00018184843515745008
2017-10-01,0.0037517355061160128,-0.0014078427885470392,-0.002614565178730215,-0.00018184843515745008
2017-10-31,0.0025066526672899905,0.0084,-0.0025,-0.0001666526672899904
2017-11-01,0.002490099479563401,0.008340578300468653,-0.0024823149703775754,-0.0001666526672899904
2017-11-30,0.008479440223310583,-0.005600000000000001,-0.0052,-0.00013944022331058292
2017-12-01,0.008506178134077346,-0.005617953513224686,-0.005216671119422922,-0.00013944022331058292
2017-12-31,-0.005529656598874278,-0.0031,0.0001,-0.00013034340112572096
2018-01-01,-0.005331192329011873,-0.0029913004882379047,9.649356413670661e-05,-0.00013034340112572096
2018-01-31,-0.000516318421246958,-0.0074,0.0011,-0.0001336815787530421
2018-02-01,-0.0005066312087354584,-0.007289714811407544,0.00108360625574977,-0.0001336815787530421
2018-02-28,-0.010874015220265272,-0.0042,-0.0031,-0.00016598477973472914
2018-03-01,-0.010782255788065048,-0.0041650915203586105,-0.003074234217407546,-0.00016598477973472914
2018-03-31,0.014182086015992405,-0.0031,-0.0022,-2.2086015992406338e-05
2018-04-01,0.014610126321105883,-0.0031937093888313403,-0.002266503437235145,-2.2086015992406338e-05
2018-04-30,-0.007905915351516654,0.0003,-0.0009,-0.00012408464848334688
2018-05-01,-0.007859673121169305,0.00029827239488116995,-0.00089481718464351,-0.00012408464848334688
2018-05-31,-0.006811492544315065,0.0007000000000000001,-0.0043,-0.00012850745568493416
2018-06-01,-0.006930806693437066,0.0007120345683552451,-0.004373926634182219,-0.00012850745568493416
2018-06-30,0.0007789945141037985,-0.002,-0.0024,-0.00011899451410379847
2018-07-01,0.0007835281366634514,-0.0020137382501807665,-0.0024164859002169196,-0.00011899451410379847
2018-07-31,0.005339473133247268,0.0084,-0.0111,-0.00015947313324726764
2018-08-01,0.005312038662870248,0.008355511669658885,-0.0110412118491921,-0.00015947313324726764
2018-08-31,0.000986574714115636,0.005,-0.0038,-0.00011657471411563591
2018-09-01,0.0010072235725219168,0.005118671600036098,-0.0038901904160274343,-0.00011657471411563591
2018-09-30,-0.00010626221073517717,0.004,-0.0019,-0.00011373778926482281
2018-10-01,-0.00010579676644744798,0.003991537376586742,-0.0018959802538787024,-0.00011373778926482281
2018-10-31,0.012475563327529558,-0.0066,-0.0074,-0.0002955633275295577
2018-11-01,0.012504614564278675,-0.006615742049469965,-0.007417650176678446,-0.0002955633275295577
2018-11-30,0.008143563728485584,-0.0033,-0.0043,-0.00016356372848558287
2018-12-01,0.007927659965376394,-0.003210716488939808,-0.004183660879527629,-0.00016356372848558287
2018-12-31,0.00922483567604682,-0.0009,-0.0045000000000000005,-0.00012483567604681944
2019-01-01,0.009087181690539573,-0.0008863858695652173,-0.004431929347826088,-0.00012483567604681944
2019-01-31,0.00941049352046798,0.0013,-0.011000000000000001,-0.0002104935204679803
2019-02-01,0.00958225844275254,0.001324271130322818,-0.011205371102731539,-0.0002104935204679803
2019-02-28,-0.002838690295744126,0.0003,-0.0026,-0.0001613097042558742
2019-03-01,-0.002838419439839467,0.00029997291440953406,-0.002599765258215962,-0.0001613097042558742
2019-03-31,0.0068341141740678995,-0.0024,-0.009300000000000001,-0.00014411417406789973
2019-04-01,0.0068902920521717375,-0.002420153498871332,-0.009378094808126413,-0.00014411417406789973
2019-04-30,-0.00025246367386837465,-0.0069,0.0027,-0.00014753632613162537
2019-05-01,-0.00024207685438413395,-0.006720827363896848,0.0026298889684813753,-0.00014753632613162537
2019-05-31,-0.01347673570015483,-0.0022,-0.0011,-0.00013326429984517052
2019-06-01,-0.013334104701809546,-0.0021769442912300055,-0.0010884721456150027,-0.00013326429984517052
2019-06-30,0.006994643538816785,0.0063,0.0062,-0.00010464353881678434
2019-07-01,0.007053532427705673,0.0063538461538461535,0.006252991452991453,-0.00010464353881678434
2019-07-31,-0.01080752559753964,0.0012,0.0062,-0.00010247440246036188
2019-08-01,-0.010602510859146123,0.0011774502579218863,0.00608349299926308,-0.00010247440246036188
2019-08-31,0.0005117771686469393,-0.0038,0.0023,-0.00014177716864693934
2019-09-01,0.0005164316936187756,-0.003847803229440481,0.002328933533608712,-0.00014177716864693934
2019-09-30,0.0054042927207578915,-0.0017000000000000001,-0.0048,-0.0003142927207578916
2019-10-01,0.00543968582292737,-0.0017118208789171148,-0.004833376599295382,-0.0003142927207578916
2019-10-31,-0.003565100527075804,-0.0026,-0.0043,-0.00016489947292419593
2019-11-01,-0.003595665852552279,-0.0026213055888039774,-0.004335236166098886,-0.00016489947292419593
2019-11-30,-0.003994133032434089,-0.0004,-0.0031,-0.00014586696756591078
2019-12-01,-0.003980900155721761,-0.00039872146118721466,-0.0030900913242009136,-0.00014586696756591078
2019-12-31,0.0029617963319376775,-0.0001,0.0011,-9.179633193767689e-05
2020-01-01,0.0029589039819605816,-9.989922125515347e-05,0.0010988914338066881,-9.179633193767689e-05
2020-01-31,-0.017227930948700763,-0.0044,-0.0034999999999999996,-0.00011206905129923506
2020-02-01,-0.017196126106441043,-0.004391929567131328,-0.0034935803374908287,-0.00011206905129923506
2020-02-29,-0.007696553547897932,0.003,-0.008,-0.00014344645210206952
2020-03-01,-0.007666299964656476,0.002988423373759647,-0.007969128996692392,-0.00014344645210206952
2020-03-31,-0.014088736390284387,0.0182,-0.0038,-0.0002512636097156129
2020-04-01,-0.013848016965823953,0.017894484412470022,-0.0037362110311750596,-0.0002512636097156129
2020-04-30,-0.0116746636354634,-0.0141,-0.0171,-0.00012533636453659902
2020-05-01,-0.011742187087621,-0.014180684803001876,-0.01719785178236398,-0.00012533636453659902
2020-05-31,0.0061018904130544175,-0.003,-0.019799999999999998,-0.00010189041305441737
2020-06-01,0.00613099217594967,-0.003014550881447626,-0.019896035817554333,-0.00010189041305441737
2020-06-30,0.015910316909405663,0.0008,-0.0001,-0.00011031690940566108
2020-07-01,0.01542926242133363,0.00077564281073053,-9.695535134131625e-05,-0.00011031690940566108
2020-07-31,0.006272945925646106,-0.0159,-0.006500000000000001,-7.294592564610625e-05
2020-08-01,0.006354860717412501,-0.01611007180469124,-0.006585878410722834,-7.294592564610625e-05
2020-08-31,-0.00029952783131164084,-0.0042,-0.0174,-0.00010047216868835918
2020-09-01,-0.0002987341055250019,-0.0041916658792402915,-0.017365472928281205,-0.00010047216868835918
2020-09-30,0.008032763567684436,-0.0073,0.0015,-0.0001327635676844352
2020-10-01,0.007938520053198544,-0.007212914220791516,0.001482105661806476,-0.0001327635676844352
2020-10-31,-0.014422717158954532,-0.008,0.018500000000000003,-7.728284104546734e-05
2020-11-01,-0.014376866258226284,-0.007974702951322346,0.018441500574932927,-7.728284104546734e-05
2020-11-30,-0.005139146303349346,-0.0098,-0.0207,-6.085369665065343e-05
2020-12-01,-0.00510415639659168,-0.009734057483418244,-0.020560713255791598,-6.085369665065343e-05
2020-12-31,0.004084122243456775,-0.0086,0.0045000000000000005,-8.412224345677455e-05
2021-01-01,0.004131349573370643,-0.008701538759314816,0.004553130746153102,-8.412224345677455e-05
2021-01-31,-0.01831796299473401,0.0059,0.0059,-8.203700526598912e-05
2021-02-01,-0.018588991210898527,0.005986905786704927,0.005986905786704927,-8.203700526598912e-05
2021-02-28,-0.002714793413779535,0.0068000000000000005,-0.0161,-8.52065862204654e-05
2021-03-01,-0.0028375194011487494,0.007098048826468093,-0.016805674427372984,-8.52065862204654e-05
2021-03-31,0.006383705191991856,0.011200000000000002,-0.023399999999999997,-8.370519199185633e-05
2021-04-01,0.006278458668603741,0.01101289506953224,-0.02300908434170128,-8.370519199185633e-05
2021-04-30,-0.008208203668062323,-0.0044,-0.0034000000000000002,-9.179633193767689e-05
2021-05-01,-0.008271469349024762,-0.0044335384332812935,-0.0034259160620809994,-9.179633193767689e-05
2021-05-31,0.0004884596921228997,-0.0029,-0.0032,-8.845969212289972e-05
2021-06-01,0.0004914855761914378,-0.002921937659496901,-0.003224207072548305,-8.845969212289972e-05
2021-06-30,0.0007862075294830734,-0.0011,0.0075,-8.620752948307331e-05
2021-07-01,0.0007797489134722187,-0.001089850746268657,0.007430800542740841,-8.620752948307331e-05
2021-07-31,-0.006502948211982889,-0.0006,-0.0018,-9.705178801711067e-05
2021-08-01,-0.006520422876458376,-0.0006015886058614078,-0.0018047658175842235,-9.705178801711067e-05
2021-08-31,-0.001200946053550288,0.0044,-0.0005,-9.9053946449712e-05
2021-09-01,-0.0012253314114086017,0.0044825350573666,-0.0005093789837916591,-9.9053946449712e-05
2021-09-30,-0.01017950350867516,0.0031,-0.0077,-0.00012049649132483964
2021-10-01,-0.010338772368167475,0.0031479352878083663,-0.007819065069717556,-0.00012049649132483964
2021-10-31,0.0021985534027072575,0.002,-0.0083,-9.855340270725765e-05
2021-11-01,0.0021907900015982,0.0019926062846580407,-0.008269316081330868,-9.855340270725765e-05
2021-11-30,-0.019366068052982726,0.0053,-0.011200000000000002,-0.00013393194701727396
2021-12-01,-0.019698562089558398,0.005390370174043644,-0.01139097093382808,-0.00013393194701727396
2021-12-31,-0.0029921026595916083,0.0005,0.0053,-0.0001078973404083916
2022-01-01,-0.003000450470571455,0.0005013464211257818,0.005314272063933287,-0.0001078973404083916
2022-01-31,0.02327661560982386,0.0129,-0.0288,-7.661560982386018e-05
2022-02-01,0.023290684742631622,0.012907822922983626,-0.02881746513038205,-7.661560982386018e-05
2022-02-28,0.0003752811620731153,0.0062,-0.0045000000000000005,-7.52811620731153e-05
2022-03-01,0.0003912292140211672,0.006529593073593074,-0.00473922077922078,-7.52811620731153e-05
2022-03-31,-0.015317045495823165,0.0072,-0.0046,-8.295450417683536e-05
2022-04-01,-0.016451409191975745,0.007730351857941466,-0.004938835909240381,-8.295450417683536e-05
2022-04-30,-0.03527499742809638,0.0074,0.0060999999999999995,-0.00012500257190362074
2022-05-01,-0.03450519650926024,0.0072390811638591126,0.005967350689127106,-0.00012500257190362074
2022-05-31,-0.007006962086372152,-0.005,0.004699999999999999,-8.303791362784807e-05
2022-06-01,-0.00747533716464391,-0.005330306825297432,0.005010488415779585,-8.303791362784807e-05
2022-06-30,-0.009449253176725434,0.004,-0.0016,-0.00012074682327456454
2022-07-01,-0.009208949211967726,0.003899559471365639,-0.0015598237885462557,-0.00012074682327456454
2022-07-31,0.014663583966888273,-0.009300000000000001,0.0046,-0.00012358396688827433
2022-08-01,0.015300899827710686,-0.009707636692272934,0.004801626751016719,-0.00012358396688827433
2022-08-31,-0.007321696868130351,0.0029,-0.004699999999999999,-9.830313186964812e-05
2022-09-01,-0.007627919090352574,0.0030196825396825396,-0.004893968253968254,-9.830313186964812e-05
2022-09-30,-0.014033829401762177,0.0051,0.0028000000000000004,-0.00017617059823782366
2022-10-01,-0.014397153265398541,0.005230397727272728,0.0028715909090909096,-0.00017617059823782366
2022-10-31,-0.006581852362337131,0.0037,0.0073,-0.00010814763766286983
2022-11-01,-0.006153359692922902,0.003463016012431593,0.006832436997500169,-0.00010814763766286983
2022-11-30,0.03149095860704162,0.0034999999999999996,-0.0208,-0.000150958607041618
2022-12-01,0.03004533238889392,0.0033385548256695294,-0.019840554392550346,-0.000150958607041618
2022-12-31,-0.0018993913115315647,0.0013,-0.0004,-0.00014060868846843544
2023-01-01,-0.0018686693499756395,0.001280422279400636,-0.00039397608596942644,-0.00014060868846843544
2023-01-31,0.016113529917079556,0.0103,-0.0005,-0.00014352991707955454
2023-02-01,0.016924607135673488,0.01082311179408375,-0.0005253937764118325,-0.00014352991707955454
2023-02-28,-0.002272213267439227,0.0063,-0.0069,-0.0001477867325607729
2023-03-01,-0.0022079795733766358,0.006132780052646974,-0.006716854343375257,-0.0001477867325607729
2023-03-31,0.015641764934986008,0.0067,-0.0076,-0.0001817649349860062
2023-04-01,0.015943695378912996,0.0068308495455569745,-0.00774842635018403,-0.0001817649349860062
2023-04-30,0.008131209022899002,0.0014000000000000002,0.0019,-0.0001512090228990015
2023-05-01,0.008367557656215144,0.001441464672511604,0.001956273484122891,-0.0001512090228990015
2023-05-31,-0.0056894587511875806,-0.0012,-0.0116,-0.00015054124881241915
2023-06-01,-0.005902582185892411,-0.0012437924865831842,-0.012023327370304114,-0.00015054124881241915
2023-06-30,0.011677708965043063,-0.0064,-0.0079,-8.770896504306513e-05
2023-07-01,0.011464072099319902,-0.006282029685881948,-0.00775438039351053,-8.770896504306513e-05
2023-07-31,0.002790860943814588,0.0108,-0.0009,-7.086094381458796e-05
2023-08-01,0.0028622183780528773,0.011083330988887325,-0.0009236109157406104,-7.086094381458796e-05
2023-08-31,-0.0003671186125224319,-0.0022,0.0022,-0.00023288138747756815
2023-09-01,-0.00037887928691075355,-0.0022431224727571795,0.0022431224727571795,-0.00023288138747756815
2023-09-30,-0.0024445503672851,-0.0004,0.0031,-0.0001454496327149002
2023-10-01,-0.0024710126916784587,-0.0004040868454661558,0.0031316730523627072,-0.0001454496327149002
2023-10-31,0.006635419812886274,0.0005,-0.0004,-0.0001254198128862738
2023-11-01,0.006495508308461496,0.0004892541087231353,-0.00039140328697850825,-0.0001254198128862738
2023-11-30,0.0038330832880511066,-0.0045000000000000005,0.0001,-0.0001230832880511068
2023-12-01,0.0036902939503658085,-0.004326805385556917,9.615123079015369e-05,-0.0001230832880511068
2023-12-31,-0.004040569897204433,-0.011200000000000002,-0.0037,-4.943010279556681e-05
2024-01-01,-0.0042216406185622835,-0.011695841584158418,-0.003863804809052334,-4.943010279556681e-05
2024-01-31,-0.017039558236045218,-0.0092,-0.0029,-0.00014044176395477947
2024-02-01,-0.017274581939146938,-0.009325856697819315,-0.002939672219964784,-0.00014044176395477947
2024-02-29,0.0055984596921229,-0.0034999999999999996,0.0097,-8.845969212289972e-05
2024-03-01,0.005659567388541927,-0.0035388161411010147,0.009807576162479957,-8.845969212289972e-05
2024-03-31,0.0013522598210251257,0.0029,0.0048,-4.225982102512571e-05
2024-04-01,0.0014000409760403234,0.003005775075987842,0.004975075987841945,-4.225982102512571e-05
2024-04-30,-0.01651991174525713,-0.0019,-0.0024,2.9911745257127365e-05
2024-05-01,-0.016550398166269496,-0.0019035126864720133,-0.002404437077648859,2.9911745257127365e-05
2024-05-31,0.006937521474085989,-0.0036,0.0077,6.247852591401148e-05
2024-06-01,0.007105895638896679,-0.0036865924276169265,0.007885211581291759,6.247852591401148e-05
2024-06-30,-0.00330283046634921,0.0072,0.0128,2.283046634921071e-05
2024-07-01,-0.0030986075122697966,0.006751705710557384,0.01200303237432424,2.283046634921071e-05
2024-07-31,0.015311886295297304,-0.0034000000000000002,-0.0134,9.811370470269587e-05
2024-08-01,0.014702266654451767,-0.0032654959909880063,-0.012869895964482143,9.811370470269587e-05
2024-08-31,0.009925132847760613,-0.005600000000000001,0.0006,9.486715223938624e-05
2024-09-01,0.009748154787873763,-0.005501090106250863,0.0005894025113840209,9.486715223938624e-05
2024-09-30,0.0037664228681914846,-0.0012,0.0015,3.3577131808515404e-05
2024-10-01,0.0040298446971000395,-0.0012831858407079647,0.001603982300884956,3.3577131808515404e-05
2024-10-31,-0.017855579734250993,-0.0039000000000000003,0.0064,2.5579734250991137e-05
2024-11-01,-0.017590911097140977,-0.003842108374384237,0.006304998357963876,2.5579734250991137e-05
2024-11-30,0.0054876527797755375,0.0014000000000000002,-0.0064,0.00011234722022446242
2024-12-01,0.005782605776641994,0.0014737382492166144,-0.006737089139275951,0.00011234722022446242
2024-12-31,-0.004553915512308947,0.0001,0.0070999999999999995,0.00012391551230894748
