年月,メーカー,件数,登録台数
2021-01,スズキ,1198,9832.0
2021-01,ダイハツ,792,3824.0
2021-01,トヨタ,367,122521.0
2021-01,ホンダ,333,18396.0
2021-01,マツダ,37,12208.0
2021-01,日産,331,20019.0
2021-01,輸入車,41,26032.0
2021-01,ＳＵＢＡＲＵ,7,9685.0
2021-02,スズキ,1338,10367.0
2021-02,ダイハツ,1097,4156.0
2021-02,トヨタ,408,131879.0
2021-02,ホンダ,445,22679.0
2021-02,マツダ,52,14489.0
2021-02,三菱,14,3607.0
2021-02,日産,371,22156.0
2021-02,輸入車,35,30292.0
2021-02,ＳＵＢＡＲＵ,9,8374.0
2021-03,スズキ,1535,14238.0
2021-03,ダイハツ,1063,5110.0
2021-03,トヨタ,572,184179.0
2021-03,ホンダ,683,32337.0
2021-03,マツダ,103,24899.0
2021-03,三菱,18,5644.0
2021-03,日産,461,35582.0
2021-03,輸入車,45,45040.0
2021-03,ＳＵＢＡＲＵ,15,13110.0
2021-04,スズキ,1006,9946.0
2021-04,ダイハツ,629,2584.0
2021-04,トヨタ,415,117642.0
2021-04,ホンダ,378,20177.0
2021-04,マツダ,45,6673.0
2021-04,三菱,5,2146.0
2021-04,日産,238,13550.0
2021-04,輸入車,30,22082.0
2021-04,ＳＵＢＡＲＵ,7,5402.0
2021-05,スズキ,971,7468.0
2021-05,ダイハツ,614,2570.0
2021-05,トヨタ,348,103824.0
2021-05,ホンダ,429,15605.0
2021-05,マツダ,31,6376.0
2021-05,日産,211,13759.0
2021-05,輸入車,31,25993.0
2021-05,ＳＵＢＡＲＵ,2,4797.0
2021-06,スズキ,859,6091.0
2021-06,ダイハツ,748,3177.0
2021-06,トヨタ,296,120832.0
2021-06,ホンダ,371,20203.0
2021-06,マツダ,51,6883.0
2021-06,三菱,5,1695.0
2021-06,日産,210,16967.0
2021-06,輸入車,33,37379.0
2021-06,ＳＵＢＡＲＵ,9,5459.0
2021-07,スズキ,1055,6572.0
2021-07,ダイハツ,714,3266.0
2021-07,トヨタ,408,134616.0
2021-07,ホンダ,458,25443.0
2021-07,マツダ,44,8433.0
2021-07,三菱,2,1663.0
2021-07,日産,211,19380.0
2021-07,輸入車,46,27716.0
2021-07,ＳＵＢＡＲＵ,6,6297.0
2021-08,スズキ,818,5309.0
2021-08,ダイハツ,503,2672.0
2021-08,トヨタ,266,106374.0
2021-08,ホンダ,355,20335.0
2021-08,マツダ,34,8023.0
2021-08,三菱,2,2356.0
2021-08,日産,157,18063.0
2021-08,輸入車,42,23913.0
2021-09,スズキ,848,6012.0
2021-09,ダイハツ,530,1543.0
2021-09,トヨタ,197,90383.0
2021-09,ホンダ,348,20811.0
2021-09,マツダ,51,7914.0
2021-09,三菱,16,3072.0
2021-09,日産,311,20877.0
2021-09,輸入車,71,33961.0
2021-09,ＳＵＢＡＲＵ,5,4651.0
2021-10,スズキ,902,7474.0
2021-10,ダイハツ,468,1498.0
2021-10,トヨタ,242,80281.0
2021-10,ホンダ,309,26134.0
2021-10,マツダ,32,7658.0
2021-10,三菱,10,2311.0
2021-10,日産,247,14655.0
2021-10,輸入車,37,20083.0
2021-10,ＳＵＢＡＲＵ,2,5707.0
2021-11,スズキ,1002,7920.0
2021-11,ダイハツ,772,5295.0
2021-11,トヨタ,390,111357.0
2021-11,ホンダ,423,24200.0
2021-11,マツダ,32,7723.0
2021-11,三菱,14,1888.0
2021-11,日産,223,19289.0
2021-11,輸入車,30,22958.0
2021-11,ＳＵＢＡＲＵ,11,7473.0
2021-12,スズキ,598,6387.0
2021-12,ダイハツ,450,3677.0
2021-12,トヨタ,197,108850.0
2021-12,ホンダ,273,21866.0
2021-12,マツダ,49,12114.0
2021-12,三菱,9,2600.0
2021-12,日産,175,16122.0
2021-12,輸入車,34,29103.0
2021-12,ＳＵＢＡＲＵ,6,6513.0
2022-01,スズキ,780,8113.0
2022-01,ダイハツ,678,3183.0
2022-01,トヨタ,278,105626.0
2022-01,ホンダ,386,20465.0
2022-01,マツダ,53,10324.0
2022-01,三菱,5,4361.0
2022-01,日産,140,19206.0
2022-01,輸入車,25,21764.0
2022-01,ＳＵＢＡＲＵ,2,5000.0
2022-02,スズキ,977,7557.0
2022-02,ダイハツ,771,3187.0
2022-02,トヨタ,260,96608.0
2022-02,ホンダ,469,23091.0
2022-02,マツダ,76,16094.0
2022-02,三菱,7,4169.0
2022-02,日産,287,22861.0
2022-02,輸入車,20,24794.0
2022-02,ＳＵＢＡＲＵ,6,4591.0
2022-03,スズキ,1422,10962.0
2022-03,ダイハツ,871,4219.0
2022-03,トヨタ,468,157140.0
2022-03,ホンダ,692,34031.0
2022-03,マツダ,132,18760.0
2022-03,三菱,29,5993.0
2022-03,日産,451,33608.0
2022-03,輸入車,65,35650.0
2022-03,ＳＵＢＡＲＵ,13,11387.0
2022-04,スズキ,750,5761.0
2022-04,ダイハツ,574,2598.0
2022-04,トヨタ,329,97715.0
2022-04,ホンダ,352,14710.0
2022-04,マツダ,34,5313.0
2022-04,三菱,2,1961.0
2022-04,日産,181,15951.0
2022-04,輸入車,37,20588.0
2022-04,ＳＵＢＡＲＵ,5,5736.0
2022-05,スズキ,824,6531.0
2022-05,ダイハツ,492,1795.0
2022-05,トヨタ,342,81878.0
2022-05,ホンダ,367,16701.0
2022-05,マツダ,10,3048.0
2022-05,三菱,11,3248.0
2022-05,日産,146,14245.0
2022-05,輸入車,32,22227.0
2022-05,ＳＵＢＡＲＵ,2,3480.0
2022-06,スズキ,866,7883.0
2022-06,ダイハツ,559,2471.0
2022-06,トヨタ,232,88289.0
2022-06,ホンダ,356,23301.0
2022-06,マツダ,49,8942.0
2022-06,日産,197,18502.0
2022-06,輸入車,28,28931.0
2022-06,ＳＵＢＡＲＵ,8,6153.0
2022-07,スズキ,921,7330.0
2022-07,ダイハツ,500,3741.0
2022-07,トヨタ,289,98744.0
2022-07,ホンダ,540,25178.0
2022-07,マツダ,54,12259.0
2022-07,三菱,18,5053.0
2022-07,日産,213,22553.0
2022-07,輸入車,54,20691.0
2022-07,ＳＵＢＡＲＵ,8,9332.0
2022-08,スズキ,580,7852.0
2022-08,ダイハツ,497,2586.0
2022-08,トヨタ,219,78295.0
2022-08,ホンダ,323,20997.0
2022-08,マツダ,46,9923.0
2022-08,三菱,8,3845.0
2022-08,日産,164,19085.0
2022-08,輸入車,26,20602.0
2022-08,ＳＵＢＡＲＵ,8,6348.0
2022-09,スズキ,939,10293.0
2022-09,ダイハツ,627,2990.0
2022-09,トヨタ,334,115163.0
2022-09,ホンダ,385,20896.0
2022-09,マツダ,76,12304.0
2022-09,三菱,7,4816.0
2022-09,日産,245,23128.0
2022-09,輸入車,74,32214.0
2022-09,ＳＵＢＡＲＵ,8,7921.0
2022-10,スズキ,1131,9017.0
2022-10,ダイハツ,747,3531.0
2022-10,トヨタ,436,109428.0
2022-10,ホンダ,490,19721.0
2022-10,マツダ,54,11655.0
2022-10,三菱,25,2555.0
2022-10,日産,205,16643.0
2022-10,輸入車,52,23392.0
2022-10,ＳＵＢＡＲＵ,10,7210.0
2022-11,スズキ,1090,9709.0
2022-11,ダイハツ,856,3398.0
2022-11,トヨタ,360,105748.0
2022-11,ホンダ,476,25768.0
2022-11,マツダ,35,7918.0
2022-11,三菱,16,3153.0
2022-11,日産,180,20283.0
2022-11,輸入車,46,28305.0
2022-11,ＳＵＢＡＲＵ,7,7426.0
2022-12,スズキ,630,9201.0
2022-12,ダイハツ,634,2600.0
2022-12,トヨタ,300,95139.0
2022-12,ホンダ,344,22036.0
2022-12,マツダ,45,8861.0
2022-12,三菱,6,3494.0
2022-12,日産,107,19054.0
2022-12,輸入車,46,30601.0
2022-12,ＳＵＢＡＲＵ,8,6836.0
2023-01,スズキ,910,10605.0
2023-01,ダイハツ,989,2909.0
2023-01,トヨタ,345,125642.0
2023-01,ホンダ,478,17199.0
2023-01,マツダ,43,11767.0
2023-01,三菱,7,3938.0
2023-01,日産,202,20388.0
2023-01,輸入車,44,20099.0
2023-01,ＳＵＢＡＲＵ,11,7544.0
2023-02,スズキ,1127,11090.0
2023-02,ダイハツ,1240,3449.0
2023-02,トヨタ,500,150876.0
2023-02,ホンダ,541,21456.0
2023-02,マツダ,72,13227.0
2023-02,三菱,16,3559.0
2023-02,日産,228,23945.0
2023-02,輸入車,28,24331.0
2023-02,ＳＵＢＡＲＵ,2,5611.0
2023-03,スズキ,1638,14418.0
2023-03,ダイハツ,1503,4378.0
2023-03,トヨタ,949,201031.0
2023-03,ホンダ,898,32644.0
2023-03,マツダ,191,19828.0
2023-03,三菱,36,6016.0
2023-03,日産,404,34481.0
2023-03,輸入車,82,35693.0
2023-03,ＳＵＢＡＲＵ,8,10373.0
2023-04,スズキ,1005,9015.0
2023-04,ダイハツ,816,2889.0
2023-04,トヨタ,729,120151.0
2023-04,ホンダ,507,15535.0
2023-04,マツダ,100,11255.0
2023-04,三菱,19,3745.0
2023-04,日産,204,21033.0
2023-04,輸入車,48,20040.0
2023-04,ＳＵＢＡＲＵ,4,6143.0
2023-05,スズキ,1064,8236.0
2023-05,ダイハツ,971,1704.0
2023-05,トヨタ,615,111602.0
2023-05,ホンダ,506,15763.0
2023-05,マツダ,74,8004.0
2023-05,三菱,14,2893.0
2023-05,日産,192,19783.0
2023-05,輸入車,27,23194.0
2023-05,ＳＵＢＡＲＵ,23,5008.0
2023-06,スズキ,1087,9279.0
2023-06,ダイハツ,619,972.0
2023-06,トヨタ,573,136653.0
2023-06,ホンダ,459,21065.0
2023-06,マツダ,83,12096.0
2023-06,三菱,12,3980.0
2023-06,日産,211,25714.0
2023-06,輸入車,20,29677.0
2023-06,ＳＵＢＡＲＵ,11,6434.0
2023-07,スズキ,1246,9301.0
2023-07,ダイハツ,619,1000.0
2023-07,トヨタ,700,137194.0
2023-07,ホンダ,534,23552.0
2023-07,マツダ,86,10787.0
2023-07,三菱,20,3460.0
2023-07,日産,239,24585.0
2023-07,輸入車,25,23527.0
2023-07,ＳＵＢＡＲＵ,19,7248.0
2023-08,スズキ,874,8009.0
2023-08,ダイハツ,679,1617.0
2023-08,トヨタ,422,116166.0
2023-08,ホンダ,395,17873.0
2023-08,マツダ,55,8860.0
2023-08,三菱,25,2853.0
2023-08,日産,162,17980.0
2023-08,輸入車,26,21403.0
2023-08,ＳＵＢＡＲＵ,11,5470.0
2023-09,スズキ,1258,10394.0
2023-09,ダイハツ,840,3020.0
2023-09,トヨタ,616,138988.0
2023-09,ホンダ,438,25524.0
2023-09,マツダ,93,7589.0
2023-09,三菱,19,4568.0
2023-09,日産,245,26566.0
2023-09,輸入車,38,33092.0
2023-09,ＳＵＢＡＲＵ,11,8175.0
2023-10,スズキ,1265,9397.0
2023-10,ダイハツ,996,2421.0
2023-10,トヨタ,556,129000.0
2023-10,ホンダ,420,27337.0
2023-10,マツダ,91,10809.0
2023-10,三菱,39,3527.0
2023-10,日産,170,20187.0
2023-10,輸入車,24,21692.0
2023-10,ＳＵＢＡＲＵ,18,8810.0
2023-11,スズキ,1215,9010.0
2023-11,ダイハツ,1106,1947.0
2023-11,トヨタ,536,134529.0
2023-11,ホンダ,508,29717.0
2023-11,マツダ,83,9883.0
2023-11,三菱,43,3223.0
2023-11,日産,161,21512.0
2023-11,輸入車,36,25233.0
2023-11,ＳＵＢＡＲＵ,16,9253.0
2023-12,スズキ,664,8529.0
2023-12,ダイハツ,472,1785.0
2023-12,トヨタ,323,110303.0
2023-12,ホンダ,330,25985.0
2023-12,マツダ,56,8275.0
2023-12,三菱,23,3055.0
2023-12,日産,149,18313.0
2023-12,輸入車,46,33386.0
2023-12,ＳＵＢＡＲＵ,9,9729.0
2024-01,スズキ,1094,10889.0
2024-01,ダイハツ,416,873.0
2024-01,トヨタ,385,109375.0
2024-01,ホンダ,422,27864.0
2024-01,マツダ,68,6968.0
2024-01,三菱,31,2817.0
2024-01,日産,220,22524.0
2024-01,輸入車,34,18319.0
2024-01,ＳＵＢＡＲＵ,2,8117.0
2024-02,スズキ,1556,12267.0
2024-02,ダイハツ,302,401.0
2024-02,トヨタ,423,102223.0
2024-02,ホンダ,386,31966.0
2024-02,マツダ,69,7838.0
2024-02,三菱,43,3582.0
2024-02,日産,221,25858.0
2024-02,輸入車,41,23878.0
2024-02,ＳＵＢＡＲＵ,11,7035.0
2024-03,スズキ,2067,16332.0
2024-03,ダイハツ,312,317.0
2024-03,トヨタ,527,131784.0
2024-03,ホンダ,581,41136.0
2024-03,マツダ,110,10000.0
2024-03,三菱,88,5152.0
2024-03,日産,386,34133.0
2024-03,輸入車,79,37827.0
2024-03,ＳＵＢＡＲＵ,5,10022.0
2024-04,スズキ,1231,10214.0
2024-04,ダイハツ,210,296.0
2024-04,トヨタ,373,106464.0
2024-04,ホンダ,336,26559.0
2024-04,マツダ,58,6839.0
2024-04,三菱,54,2175.0
2024-04,日産,181,17884.0
2024-04,輸入車,54,20555.0
2024-04,ＳＵＢＡＲＵ,8,5824.0
2024-05,スズキ,1367,9284.0
2024-05,ダイハツ,366,630.0
2024-05,トヨタ,409,100469.0
2024-05,ホンダ,402,23543.0
2024-05,マツダ,70,6509.0
2024-05,三菱,45,2499.0
2024-05,日産,159,17477.0
2024-05,輸入車,27,24114.0
2024-05,ＳＵＢＡＲＵ,2,6492.0
2024-06,スズキ,1507,10183.0
2024-06,ダイハツ,488,1294.0
2024-06,トヨタ,438,118929.0
2024-06,ホンダ,399,30639.0
2024-06,マツダ,83,5818.0
2024-06,三菱,37,3058.0
2024-06,日産,212,21175.0
2024-06,輸入車,60,29801.0
2024-06,ＳＵＢＡＲＵ,8,7375.0
2024-07,スズキ,1611,10558.0
2024-07,ダイハツ,653,1395.0
2024-07,トヨタ,434,137510.0
2024-07,ホンダ,562,30865.0
2024-07,マツダ,97,7695.0
2024-07,三菱,48,3694.0
2024-07,日産,225,24257.0
2024-07,輸入車,28,24860.0
2024-07,ＳＵＢＡＲＵ,6,8820.0
2024-08,スズキ,1272,8090.0
2024-08,ダイハツ,762,1833.0
2024-08,トヨタ,374,106623.0
2024-08,ホンダ,324,21952.0
2024-08,マツダ,56,6723.0
2024-08,三菱,34,2897.0
2024-08,日産,280,18727.0
2024-08,輸入車,40,22953.0
2024-08,ＳＵＢＡＲＵ,13,6690.0
2024-09,スズキ,1640,10815.0
2024-09,ダイハツ,928,2919.0
2024-09,トヨタ,461,130717.0
2024-09,ホンダ,557,30518.0
2024-09,マツダ,126,9425.0
2024-09,三菱,51,3748.0
2024-09,日産,291,27722.0
2024-09,輸入車,86,33080.0
2024-09,ＳＵＢＡＲＵ,16,9390.0
2024-10,スズキ,1775,9230.0
2024-10,ダイハツ,944,2854.0
2024-10,トヨタ,463,139765.0
2024-10,ホンダ,576,24553.0
2024-10,マツダ,91,10527.0
2024-10,三菱,65,3242.0
2024-10,日産,237,21432.0
2024-10,輸入車,64,27141.0
2024-10,ＳＵＢＡＲＵ,6,7616.0
2024-11,スズキ,1952,10194.0
2024-11,ダイハツ,881,1466.0
2024-11,トヨタ,466,128185.0
2024-11,ホンダ,582,24157.0
2024-11,マツダ,118,8875.0
2024-11,三菱,81,4954.0
2024-11,日産,317,22964.0
2024-11,輸入車,46,27398.0
2024-11,ＳＵＢＡＲＵ,13,7925.0
2024-12,スズキ,833,7986.0
2024-12,ダイハツ,311,1451.0
2024-12,トヨタ,181,98922.0
2024-12,ホンダ,429,21240.0
2024-12,マツダ,99,7049.0
2024-12,三菱,66,4013.0
2024-12,日産,222,18216.0
2024-12,輸入車,18,30863.0
2024-12,ＳＵＢＡＲＵ,2,6326.0
