,MKT_RF,SMB,HML,RF_US,JPY_USD,JPY_YIELD,FX_RETURN,JPY_YIELD_MONTHLY,MARKET_RETURN,MARKET_RETURN_FX_ADJUSTED,MKT_RF_JPY,SMB_JPY,HML_JPY,RF_JPY,TOPIX_RETURN
2010-01-31,-0.0097,-0.0005,-0.0042,0.0,,0.00126,0.0,0.0001049394112684,-0.0097,-0.0097,-0.0098049394112684,-0.0005,-0.0042,0.0001049394112684,0.0
2010-02-28,-0.0097,-0.0005,-0.0042,0.0,89.34,0.00126,0.0,0.0001049394112684,-0.0097,-0.0097,-0.0098049394112684,-0.0005,-0.0042,0.0001049394112684,-0.0077903271143562325
2010-02-28,0.0012,-0.0056,0.004,0.0,89.34,0.00136,0.0,0.0001132627502102,0.0012,0.0012,0.0010867372497897,-0.0056,0.004,0.0001132627502102,-0.0077903271143562325
2010-03-31,0.0012,-0.0056,0.004,0.0,93.27,0.00136,0.0439892545332436,0.0001132627502102,0.0012,0.0012527871054398,0.0011395243552296,-0.0058463398253861,0.0041759570181329,0.0001132627502102,0.09474334446451871
2010-03-31,-0.0036,-0.0051,0.002,0.0,93.27,0.00135,0.0,0.0001124304506039,-0.0036,-0.0036,-0.0037124304506039,-0.0051,0.002,0.0001124304506039,0.09474334446451871
2010-04-30,-0.0036,-0.0051,0.002,0.0,94.18,0.00135,0.0097566205639543,0.0001124304506039,-0.0036,-0.0036351238340302,-0.0037475542846341,-0.0051497587648761,0.0020195132411279,0.0001124304506039,0.008408149170194168
2010-04-30,-0.0172,-0.0097,-0.0086,1e-05,94.18,0.00138,0.0,0.0001149273265657,-0.01719,-0.01719,-0.0173049273265657,-0.0097,-0.0086,0.0001149273265657,0.008408149170194168
2010-05-31,-0.0172,-0.0097,-0.0086,1e-05,91.49,0.00138,-0.0285623274580592,0.0001149273265657,-0.01719,-0.0166990135909959,-0.0168139409175616,-0.0094229454236568,-0.0083543639838606,0.0001149273265657,-0.10994484611755762
2010-05-31,-0.0118,0.0011,-0.0069,1e-05,91.49,0.00127,0.0,0.0001057717794523,-0.01179,-0.01179,-0.0118957717794523,0.0011,-0.0069,0.0001057717794523,-0.10994484611755762
2010-06-30,-0.0118,0.0011,-0.0069,1e-05,88.66,0.00127,-0.0309323423324953,0.0001057717794523,-0.01179,-0.0114253076838998,-0.0115310794633522,0.0010659744234342,-0.0066865668379057,0.0001057717794523,-0.04223015502923788
2010-06-30,-0.0098,0.0004,-0.0033,1e-05,88.66,0.0013,0.0,0.0001082688382827,-0.00979,-0.00979,-0.0098982688382827,0.0004,-0.0033,0.0001082688382827,-0.04223015502923788
2010-07-31,-0.0098,0.0004,-0.0033,1e-05,86.37,0.0013,-0.0258290096999773,0.0001082688382827,-0.00979,-0.0095371339950372,-0.0096454028333199,0.00038966839612,-0.00321476426799,0.0001082688382827,0.009602834795886306
2010-07-31,0.0006,0.0004,-0.0022,1e-05,86.37,0.00125,0.0,0.0001041070354639,0.00061,0.00061,0.000505892964536,0.0004,-0.0022,0.0001041070354639,0.009602834795886306
2010-08-31,0.0006,0.0004,-0.0022,1e-05,84.24,0.00125,-0.0246613407433137,0.0001041070354639,0.00061,0.0005949565821465,0.0004908495466826,0.0003901354637026,-0.0021457450503647,0.0001041070354639,-0.052772239069857285
2010-08-31,0.0001,-0.0025,0.0078,1e-05,84.24,0.0011799999999999,0.0,9.828019144775269e-05,0.00011,0.00011,1.171980855224732e-05,-0.0025,0.0078,9.828019144775269e-05,-0.052772239069857285
2010-09-30,0.0001,-0.0025,0.0078,1e-05,83.32,0.0011799999999999,-0.0109211775878442,9.828019144775269e-05,0.00011,0.0001087986704653,1.0518479017584452e-05,-0.0024726970560303,0.0077148148148148,9.828019144775269e-05,0.030869831586898266
2010-09-30,-0.0026,0.0003,0.0033,1e-05,83.32,0.0012,0.0,9.994504212973432e-05,-0.00259,-0.00259,-0.0026899450421297,0.0003,0.0033,9.994504212973432e-05,0.030869831586898266
2010-10-31,-0.0026,0.0003,0.0033,1e-05,80.68,0.0012,-0.0316850696111375,9.994504212973432e-05,-0.00259,-0.0025079356697071,-0.0026078807118368,0.0002904944791166,0.0031954392702832,9.994504212973432e-05,-0.022422920039685934
2010-10-31,0.0007,0.0034999999999999,-0.0013,1e-05,80.68,0.0012,0.0,9.994504212973432e-05,0.00071,0.00071,0.0006100549578702,0.0034999999999999,-0.0013,9.994504212973432e-05,-0.022422920039685934
2010-11-30,0.0007,0.0034999999999999,-0.0013,1e-05,84.03,0.0012,0.0415220624690133,9.994504212973432e-05,0.00071,0.0007394806643529,0.0006395356222232,0.0036453272186415,-0.0013539786812097,9.994504212973432e-05,0.06169615734638145
2010-11-30,-0.006,-0.0022,0.0005,1e-05,84.03,0.00132,0.0,0.0001099335060699,-0.00599,-0.00599,-0.0060999335060699,-0.0022,0.0005,0.0001099335060699,0.06169615734638145
2010-12-31,-0.006,-0.0022,0.0005,1e-05,81.51,0.00132,-0.0299892895394501,0.0001099335060699,-0.00599,-0.0058103641556586,-0.0059202976617286,-0.0021340235630132,0.0004850053552302,0.0001099335060699,0.043975172769532334
2010-12-31,-0.001,-0.0063,0.0022,1e-05,81.51,0.00138,0.0,0.0001149273265657,-0.00099,-0.00099,-0.0011049273265657,-0.0063,0.0022,0.0001149273265657,0.043975172769532334
2011-01-31,-0.001,-0.0063,0.0022,1e-05,82.04,0.00138,0.0065022696601644,0.0001149273265657,-0.00099,-0.0009964372469635,-0.0011113645735292,-0.006340964298859,0.0022143049932523,0.0001149273265657,0.01255009952166719
2011-01-31,0.0072,0.0002,-0.0029,0.0,82.04,0.00122,0.0,0.0001016098623265,0.0072,0.0072,0.0070983901376734,0.0002,-0.0029,0.0001016098623265,0.01255009952166719
2011-02-28,0.0072,0.0002,-0.0029,0.0,81.68,0.00122,-0.0043881033642125,0.0001016098623265,0.0072,0.0071684056557776,0.0070667957934511,0.0001991223793271,-0.0028872745002437,0.0001016098623265,0.04525975921668879
2011-02-28,0.0042,-0.0046,0.0028,1e-05,81.68,0.00128,0.0,0.0001066041400159,0.0042099999999999,0.0042099999999999,0.004103395859984,-0.0046,0.0028,0.0001066041400159,0.04525975921668879
2011-03-31,0.0042,-0.0046,0.0028,1e-05,82.84,0.00128,0.0142017629774731,0.0001066041400159,0.0042099999999999,0.0042697894221351,0.0041631852821192,-0.0046653281096963,0.0028397649363369,0.0001066041400159,-0.08608493168826015
2011-03-31,-0.0011,0.0059,-0.0028,0.0,82.84,0.00124,0.0,0.000103274652039,-0.0011,-0.0011,-0.001203274652039,0.0059,-0.0028,0.000103274652039,-0.08608493168826015
2011-04-30,-0.0011,0.0059,-0.0028,0.0,81.6,0.00124,-0.0149686141960406,0.000103274652039,-0.0011,-0.0010835345243843,-0.0011868091764234,0.0058116851762433,-0.002758087880251,0.000103274652039,-0.020163828473646506
2011-04-30,0.0029,0.0019,-0.0003,0.0,81.6,0.00125,0.0,0.0001041070354639,0.0029,0.0029,0.002795892964536,0.0019,-0.0003,0.0001041070354639,-0.020163828473646506
2011-05-31,0.0029,0.0019,-0.0003,0.0,81.6,0.00125,0.0,0.0001041070354639,0.0029,0.0029,0.002795892964536,0.0019,-0.0003,0.0001041070354639,-0.01569524622923313
2011-05-31,0.0104,0.0044,-0.0004,0.0,81.6,0.00117,0.0,9.744775467424029e-05,0.0104,0.0104,0.0103025522453257,0.0044,-0.0004,9.744775467424029e-05,-0.01569524622923313
2011-06-30,0.0104,0.0044,-0.0004,0.0,80.42,0.00117,-0.0144607843137254,9.744775467424029e-05,0.0104,0.0102496078431372,0.010152160088463,0.0043363725490196,-0.0003942156862745,9.744775467424029e-05,0.012808880932817068
2011-06-30,0.0098999999999999,0.0019,-0.0028,0.0,80.42,0.000955,0.0,7.954852028402293e-05,0.0098999999999999,0.0098999999999999,0.0098204514797159,0.0019,-0.0028,7.954852028402293e-05,0.012808880932817068
2011-07-31,0.0098999999999999,0.0019,-0.0028,0.0,77.59,0.000955,-0.0351902511812981,7.954852028402293e-05,0.0098999999999999,0.0095516165133051,0.0094720679930211,0.0018331385227555,-0.0027014672966923,7.954852028402293e-05,-0.009243748212183434
2011-07-31,-0.0056999999999999,0.0027,0.0007,0.0,77.59,0.001055,0.0,8.787418392697255e-05,-0.0056999999999999,-0.0056999999999999,-0.0057878741839269,0.0027,0.0007,8.787418392697255e-05,-0.009243748212183434
2011-08-31,-0.0056999999999999,0.0027,0.0007,0.0,76.58,0.001055,-0.013017141384199,8.787418392697255e-05,-0.0056999999999999,-0.00562580229411,-0.005713676478037,0.0026648537182626,0.000690888001031,8.787418392697255e-05,-0.084112839704241
2011-08-31,0.0042,-0.0081,0.0048,0.0,76.58,0.00106,0.0,8.829044709623979e-05,0.0042,0.0042,0.0041117095529037,-0.0081,0.0048,8.829044709623979e-05,-0.084112839704241
2011-09-30,0.0042,-0.0081,0.0048,0.0,76.7,0.00106,0.0015669887699139,8.829044709623979e-05,0.0042,0.0042065813528336,0.0041182909057373,-0.0081126926090363,0.0048075215460955,8.829044709623979e-05,-0.012237208635532348
2011-09-30,-0.025,-0.0008,-0.0021,0.0,76.7,0.0010249999999999,0.0,8.537656488716294e-05,-0.025,-0.025,-0.0250853765648871,-0.0008,-0.0021,8.537656488716294e-05,-0.012237208635532348
2011-10-31,-0.025,-0.0008,-0.0021,0.0,78.81,0.0010249999999999,0.027509778357236,8.537656488716294e-05,-0.025,-0.0256877444589309,-0.025773121023818,-0.0008220078226857,-0.0021577705345501,8.537656488716294e-05,0.003796805855885488
2011-10-31,-0.025,0.0007,-0.0087,0.0,78.81,0.00105,0.0,8.745791885167442e-05,-0.025,-0.025,-0.0250874579188516,0.0007,-0.0087,8.745791885167442e-05,0.003796805855885488
2011-11-30,-0.025,0.0007,-0.0087,0.0,78.01,0.00105,-0.0101509960664889,8.745791885167442e-05,-0.025,-0.0247462250983377,-0.0248336830171894,0.0006928943027534,-0.0086116863342215,8.745791885167442e-05,-0.046593167682761005
2011-11-30,0.0444,0.0106,0.0113,0.0,78.01,0.001055,0.0,8.787418392697255e-05,0.0444,0.0444,0.044312125816073,0.0106,0.0113,8.787418392697255e-05,-0.046593167682761005
2011-12-31,0.0444,0.0106,0.0113,0.0,77.57,0.001055,-0.0056403025253174,8.787418392697255e-05,0.0444,0.0441495705678759,0.0440616963839489,0.0105402127932316,0.0112362645814639,8.787418392697255e-05,0.00020586356750240675
2011-12-31,-0.0040999999999999,-0.0006,-0.002,0.0,77.57,0.001055,0.0,8.787418392697255e-05,-0.0040999999999999,-0.0040999999999999,-0.0041878741839269,-0.0006,-0.002,8.787418392697255e-05,0.00020586356750240675
2012-01-31,-0.0040999999999999,-0.0006,-0.002,0.0,76.3,0.001055,-0.0163723088822997,8.787418392697255e-05,-0.0040999999999999,-0.0040328735335825,-0.0041207477175095,-0.0005901766146706,-0.0019672553822354,8.787418392697255e-05,0.03659026737991211
2012-01-31,-0.0006,-0.0004,0.0003,0.0,76.3,0.001035,0.0,8.620911219070493e-05,-0.0006,-0.0006,-0.0006862091121907,-0.0004,0.0003,8.620911219070493e-05,0.03659026737991211
2012-02-29,-0.0006,-0.0004,0.0003,0.0,80.49,0.001035,0.0549148099606815,8.620911219070493e-05,-0.0006,-0.0006329488859764,-0.0007191579981671,-0.0004219659239842,0.0003164744429882,8.620911219070493e-05,0.10683596641567417
2012-02-29,-0.0055,-0.0102,0.0015,0.0,80.49,0.001065,0.0,8.870670835969818e-05,-0.0055,-0.0055,-0.0055887067083596,-0.0102,0.0015,8.870670835969818e-05,0.10683596641567417
2012-03-31,-0.0055,-0.0102,0.0015,0.0,82.17,0.001065,0.0208721580320536,8.870670835969818e-05,-0.0055,-0.0056147968691762,-0.0057035035775359,-0.0104128960119269,0.001531308237048,8.870670835969818e-05,0.021998604155597734
2012-03-31,0.0028,-0.0069,-0.0004,0.0,82.17,0.001035,0.0,8.620911219070493e-05,0.0028,0.0028,0.0027137908878092,-0.0069,-0.0004,8.620911219070493e-05,0.021998604155597734
2012-04-30,0.0028,-0.0069,-0.0004,0.0,80.74,0.001035,-0.0174029451137885,8.620911219070493e-05,0.0028,0.0027512717536813,0.0026650626414906,-0.0067799196787148,-0.0003930388219544,8.620911219070493e-05,-0.05861761278841404
2012-04-30,-0.0048,-0.0058,0.0,0.0,80.74,0.001035,0.0,8.620911219070493e-05,-0.0048,-0.0048,-0.0048862091121907,-0.0058,0.0,8.620911219070493e-05,-0.05861761278841404
2012-05-31,-0.0048,-0.0058,0.0,0.0,78.81,0.001035,-0.0239038890265047,8.620911219070493e-05,-0.0048,-0.0046852613326727,-0.0047714704448634,-0.0056613574436462,0.0,8.620911219070493e-05,-0.10541239538716995
2012-05-31,-0.0023,0.0015,0.0054,0.0,78.81,0.00107,0.0,8.912296771734773e-05,-0.0023,-0.0023,-0.0023891229677173,0.0015,0.0054,8.912296771734773e-05,-0.10541239538716995
2012-06-30,-0.0023,0.0015,0.0054,0.0,79.61,0.00107,0.0101509960664889,8.912296771734773e-05,-0.0023,-0.0023233472909529,-0.0024124702586702,0.0015152264940997,0.005454815378759,8.912296771734773e-05,0.07031373270250629
2012-06-30,0.0255,0.0034999999999999,-0.0062,0.0,79.61,0.00104,0.0,8.662538298365163e-05,0.0255,0.0255,0.0254133746170163,0.0034999999999999,-0.0062,8.662538298365163e-05,0.07031373270250629
2012-07-31,0.0255,0.0034999999999999,-0.0062,0.0,78.28,0.00104,-0.0167064439140811,8.662538298365163e-05,0.0255,0.0250739856801909,0.0249873602972072,0.0034415274463007,-0.0060964200477326,8.662538298365163e-05,-0.043852611133668895
2012-07-31,-0.0046999999999999,-0.0005,0.0018,0.0,78.28,0.0010199999999999,0.0,8.496028837634562e-05,-0.0046999999999999,-0.0046999999999999,-0.0047849602883763,-0.0005,0.0018,8.496028837634562e-05,-0.043852611133668895
2012-08-31,-0.0046999999999999,-0.0005,0.0018,0.0,78.46,0.0010199999999999,0.0022994379151761,8.496028837634562e-05,-0.0046999999999999,-0.0047108073582013,-0.0047957676465776,-0.0005011497189575,0.0018041389882473,8.496028837634562e-05,-0.006342414099551386
2012-08-31,0.0052,-0.001,-0.0002,0.0,78.46,0.001035,0.0,8.620911219070493e-05,0.0052,0.0052,0.0051137908878092,-0.001,-0.0002,8.620911219070493e-05,-0.006342414099551386
2012-09-30,0.0052,-0.001,-0.0002,0.0,77.58,0.001035,-0.011215906194239,8.620911219070493e-05,0.0052,0.0051416772877899,0.0050554681755992,-0.0009887840938057,-0.0001977568187611,8.620911219070493e-05,0.007900016601054993
2012-09-30,-0.0046,-0.003,-0.0022,0.0,77.58,0.001055,0.0,8.787418392697255e-05,-0.0046,-0.0046,-0.0046878741839269,-0.003,-0.0022,8.787418392697255e-05,0.007900016601054993
2012-10-31,-0.0046,-0.003,-0.0022,0.0,79.73,0.001055,0.0277133281773653,8.787418392697255e-05,-0.0046,-0.0047274813096158,-0.0048153554935428,-0.003083139984532,-0.0022609693219902,8.787418392697255e-05,0.0066583958849482094
2012-10-31,0.0014,0.0048,0.0036,0.0,79.73,0.0010299999999999,0.0,8.579283949194938e-05,0.0014,0.0014,0.001314207160508,0.0048,0.0036,8.579283949194938e-05,0.0066583958849482094
2012-11-30,0.0014,0.0048,0.0036,0.0,82.63,0.0010299999999999,0.0363727580584472,8.579283949194938e-05,0.0014,0.0014509218612818,0.0013651290217898,0.0049745892386805,0.0037309419290104,8.579283949194938e-05,0.05271241089807188
2012-11-30,0.0002,-0.0016,0.0028,0.0,82.63,0.001055,0.0,8.787418392697255e-05,0.0002,0.0002,0.000112125816073,-0.0016,0.0028,8.787418392697255e-05,0.05271241089807188
2012-12-31,0.0002,-0.0016,0.0028,0.0,86.32,0.001055,0.0446569042720561,8.787418392697255e-05,0.0002,0.0002089313808544,0.0001210571969274,-0.0016714510468352,0.0029250393319617,8.787418392697255e-05,0.10024820671255474
2012-12-31,0.0171,0.0038,-0.0011,1e-05,86.32,0.00109,0.0,9.078798609007954e-05,0.01711,0.01711,0.0170192120139099,0.0038,-0.0011,9.078798609007954e-05,0.10024820671255474
2013-01-31,0.0171,0.0038,-0.0011,1e-05,90.92,0.00109,0.0532900834105654,9.078798609007954e-05,0.01711,0.0180217933271547,0.0179310053410646,0.0040025023169601,-0.0011586190917516,9.078798609007954e-05,0.09356828721705313
2013-01-31,-0.0007,0.0069,0.0016,0.0,90.92,0.00098,0.0,8.163000767269502e-05,-0.0007,-0.0007,-0.0007816300076726,0.0069,0.0016,8.163000767269502e-05,0.09356828721705313
2013-02-28,-0.0007,0.0069,0.0016,0.0,92.36,0.00098,0.0158380994280686,8.163000767269502e-05,-0.0007,-0.0007110866695996,-0.0007927166772723,0.0070092828860536,0.0016253409590849,8.163000767269502e-05,0.03766016819413065
2013-02-28,-0.0006,0.001,-0.0014,0.0,92.36,0.00067,0.0,5.58161951829117e-05,-0.0006,-0.0006,-0.0006558161951829,0.001,-0.0014,5.58161951829117e-05,0.03766016819413065
2013-03-31,-0.0006,0.001,-0.0014,0.0,94.04,0.00067,0.018189692507579,5.58161951829117e-05,-0.0006,-0.0006109138155045,-0.0006667300106874,0.0010181896925075,-0.0014254655695106,5.58161951829117e-05,0.06264483307166446
2013-03-31,0.0039,-0.0027,-0.0029,0.0,94.04,0.000425,0.0,3.5409769667760216e-05,0.0039,0.0039,0.0038645902303322,-0.0027,-0.0029,3.5409769667760216e-05,0.06264483307166446
2013-04-30,0.0039,-0.0027,-0.0029,0.0,97.83,0.000425,0.0403019991492981,3.5409769667760216e-05,0.0039,0.0040571777966822,0.0040217680270145,-0.0028088153977031,-0.0030168757975329,3.5409769667760216e-05,0.12379672829248278
2013-04-30,0.0029,0.0037,-0.0001,0.0,97.83,0.00091,0.0,7.580172289034515e-05,0.0029,0.0029,0.0028241982771096,0.0037,-0.0001,7.580172289034515e-05,0.12379672829248278
2013-05-31,0.0029,0.0037,-0.0001,0.0,100.63,0.00091,0.0286210773791271,7.580172289034515e-05,0.0029,0.0029830011243994,0.0029071994015091,0.0038058979863027,-0.0001028621077379,7.580172289034515e-05,-0.025190301050473374
2013-05-31,-0.0132,0.0051,-0.0026,0.0,100.63,0.000753,0.0,6.272835381926356e-05,-0.0132,-0.0132,-0.0132627283538192,0.0051,-0.0026,6.272835381926356e-05,-0.025190301050473374
2013-06-30,-0.0132,0.0051,-0.0026,0.0,98.83,0.000753,-0.0178873099473317,6.272835381926356e-05,-0.0132,-0.0129638875086952,-0.0130266158625144,0.0050087747192686,-0.0025534929941369,6.272835381926356e-05,-0.0017081331125037291
2013-06-30,-0.0034,0.0031,-0.0012,0.0,98.83,0.000967,0.0,8.054764017795257e-05,-0.0034,-0.0034,-0.0034805476401779,0.0031,-0.0012,8.054764017795257e-05,-0.0017081331125037291
2013-07-31,-0.0034,0.0031,-0.0012,0.0,97.85,0.000967,-0.0099160174036224,8.054764017795257e-05,-0.0034,-0.0033662855408276,-0.0034468331810056,0.0030692603460487,-0.0011881007791156,8.054764017795257e-05,-0.0018874044952977842
2013-07-31,0.001,0.0013,0.0015,0.0,97.85,0.000849,0.0,7.07224843301546e-05,0.001,0.001,0.0009292775156698,0.0013,0.0015,7.07224843301546e-05,-0.0018874044952977842
2013-08-31,0.001,0.0013,0.0015,0.0,98.06,0.000849,0.0021461420541646,7.07224843301546e-05,0.001,0.0010021461420541,0.000931423657724,0.0013027899846704,0.0015032192130812,7.07224843301546e-05,-0.022664931916971054
2013-08-31,-0.0046999999999999,-0.0115,-0.0019,0.0,98.06,0.0008129999999999,0.0,6.772476776140124e-05,-0.0046999999999999,-0.0046999999999999,-0.0047677247677614,-0.0115,-0.0019,6.772476776140124e-05,-0.022664931916971054
2013-09-30,-0.0046999999999999,-0.0115,-0.0019,0.0,97.89,0.0008129999999999,-0.0017336324699164,6.772476776140124e-05,-0.0046999999999999,-0.0046918519273913,-0.0047595766951527,-0.0114800632265959,-0.0018967060983071,6.772476776140124e-05,0.07960754294175265
2013-09-30,-0.0049,0.0052,0.0001,0.0,97.89,0.000281,0.0,2.3413651336401387e-05,-0.0049,-0.0049,-0.0049234136513364,0.0052,0.0001,2.3413651336401387e-05,0.07960754294175265
2013-10-31,-0.0049,0.0052,0.0001,0.0,98.34,0.000281,0.0045969966288692,2.3413651336401387e-05,-0.0049,-0.0049225252834814,-0.0049459389348178,0.0052239043824701,0.0001004596996628,2.3413651336401387e-05,0.00013402075450930084
2013-10-31,-0.0033,-0.0008,-0.0045,0.0,98.34,0.000696,0.0,5.798150622315923e-05,-0.0033,-0.0033,-0.0033579815062231,-0.0008,-0.0045,5.798150622315923e-05,0.00013402075450930084
2013-11-30,-0.0033,-0.0008,-0.0045,0.0,102.24,0.000696,0.0396583282489322,5.798150622315923e-05,-0.0033,-0.0034308724832214,-0.0034888539894446,-0.0008317266625991,-0.0046784624771201,5.798150622315923e-05,0.05392462603407533
2013-11-30,-0.0003,0.0029,-0.0015,0.0,102.24,0.000446,0.0,3.715907134460572e-05,-0.0003,-0.0003,-0.0003371590713446,0.0029,-0.0015,3.715907134460572e-05,0.05392462603407533
2013-12-31,-0.0003,0.0029,-0.0015,0.0,105.37,0.000446,0.030614241001565,3.715907134460572e-05,-0.0003,-0.0003091842723004,-0.000346343343645,0.0029887812989045,-0.0015459213615023,3.715907134460572e-05,0.034663851793187206
2013-12-31,0.0043,-0.0018,0.0008,0.0,105.37,0.000498,0.0,4.149053063762232e-05,0.0043,0.0043,0.0042585094693623,-0.0018,0.0008,4.149053063762232e-05,0.034663851793187206
2014-01-31,0.0043,-0.0018,0.0008,0.0,102.49,0.000498,-0.0273322577583753,4.149053063762232e-05,0.0043,0.0041824712916389,0.0041409807610013,-0.0017508019360349,0.0007781341937932,4.149053063762232e-05,-0.0626972655590925
2014-01-31,-0.0066,-0.0008,-0.0032,0.0,102.49,0.000444,0.0,3.6992472635111184e-05,-0.0066,-0.0066,-0.0066369924726351,-0.0008,-0.0032,3.6992472635111184e-05,-0.0626972655590925
2014-02-28,-0.0066,-0.0008,-0.0032,0.0,101.66,0.000444,-0.0080983510586398,3.6992472635111184e-05,-0.0066,-0.0065465508830129,-0.006583543355648,-0.000793521319153,-0.0031740852766123,3.6992472635111184e-05,-0.0073567803455438785
2014-02-28,0.0015,-0.0073,0.0084,0.0,101.66,0.0004,0.0,3.3327223783574667e-05,0.0015,0.0015,0.0014666727762164,-0.0073,0.0084,3.3327223783574667e-05,-0.0073567803455438785
2014-03-31,0.0015,-0.0073,0.0084,0.0,102.98,0.0004,0.0129844579972457,3.3327223783574667e-05,0.0015,0.0015194766869958,0.0014861494632122,-0.0073947865433798,0.0085090694471768,3.3327223783574667e-05,-0.00723801997578255
2014-03-31,0.0096,0.01,-0.0018,0.0,102.98,0.000262,0.0,2.183071195260844e-05,0.0096,0.0096,0.0095781692880473,0.01,-0.0018,2.183071195260844e-05,-0.00723801997578255
2014-04-30,0.0096,0.01,-0.0018,0.0,102.51,0.000262,-0.004563993008351,2.183071195260844e-05,0.0096,0.0095561856671198,0.0095343549551672,0.0099543600699164,-0.0017917848125849,2.183071195260844e-05,-0.033627407950517885
2014-04-30,0.0034999999999999,0.0023,-0.0005,0.0,102.51,0.000445,0.0,3.7075772028050125e-05,0.0034999999999999,0.0034999999999999,0.0034629242279719,0.0023,-0.0005,3.7075772028050125e-05,-0.033627407950517885
2014-05-31,0.0034999999999999,0.0023,-0.0005,0.0,101.64,0.000445,-0.0084869768803044,3.7075772028050125e-05,0.0034999999999999,0.0034702955809189,0.0034332198088908,0.0022804799531752,-0.0004957565115598,3.7075772028050125e-05,0.03352439243122851
2014-05-31,0.0006,-0.0066,0.0026,0.0,101.64,0.000354,0.0,2.949521470729799e-05,0.0006,0.0006,0.0005705047852927,-0.0066,0.0026,2.949521470729799e-05,0.03352439243122851
2014-06-30,0.0006,-0.0066,0.0026,0.0,101.39,0.000354,-0.0024596615505706,2.949521470729799e-05,0.0006,0.0005985242030696,0.0005690289883623,-0.0065837662337662,0.0025936048799685,2.949521470729799e-05,0.05089854643657543
2014-06-30,0.0007,0.0027,0.0017,0.0,101.39,0.00025,0.0,2.08309465616896e-05,0.0007,0.0007,0.0006791690534383,0.0027,0.0017,2.08309465616896e-05,0.05089854643657543
2014-07-31,0.0007,0.0027,0.0017,0.0,102.87,0.00025,0.0145971003057501,2.08309465616896e-05,0.0007,0.000710217970214,0.0006893870236523,0.0027394121708255,0.0017248150705197,2.08309465616896e-05,0.021274223882449927
2014-07-31,-0.0203,-0.002,0.0048,0.0,102.87,0.000264,0.0,2.199733844898688e-05,-0.0203,-0.0203,-0.0203219973384489,-0.002,0.0048,2.199733844898688e-05,0.021274223882449927
2014-08-31,-0.0203,-0.002,0.0048,0.0,103.83,0.000264,0.0093321668124817,2.199733844898688e-05,-0.0203,-0.0204894429862933,-0.0205114403247423,-0.0020186643336249,0.0048447944006999,2.199733844898688e-05,-0.00888001803287708
2014-08-31,0.0039,0.0027,0.0009,0.0,103.83,0.0003109999999999,0.0,2.5912973195652e-05,0.0039,0.0039,0.0038740870268043,0.0027,0.0009,2.5912973195652e-05,-0.00888001803287708
2014-09-30,0.0039,0.0027,0.0009,0.0,109.42,0.0003109999999999,0.0538380044303188,2.5912973195652e-05,0.0039,0.0041099682172782,0.0040840552440825,0.0028453626119618,0.0009484542039872,2.5912973195652e-05,0.037810018597533857
2014-09-30,-0.004,-0.0098999999999999,0.0011,0.0,109.42,-3.9e-05,0.0,-3.2500580952055103e-06,-0.004,-0.004,-0.0039967499419047,-0.0098999999999999,0.0011,-3.2500580952055103e-06,0.037810018597533857
2014-10-31,-0.004,-0.0098999999999999,0.0011,0.0,111.23,-3.9e-05,0.0165417656735513,-3.2500580952055103e-06,-0.004,-0.0040661670626942,-0.004062917004599,-0.0100637634801681,0.0011181959422409,-3.2500580952055103e-06,0.005541755852387142
2014-10-31,0.0123,0.0028,0.002,0.0,111.23,-0.000379,0.0,-3.158882095033455e-05,0.0123,0.0123,0.0123315888209503,0.0028,0.002,-3.158882095033455e-05,0.005541755852387142
2014-11-30,0.0123,0.0028,0.002,0.0,118.22,-0.000379,0.0628427582486739,-3.158882095033455e-05,0.0123,0.0130729659264586,0.013104554747409,0.0029759597230962,0.0021256855164973,-3.158882095033455e-05,0.05751173504800233
2014-11-30,-0.0034,-0.0089,-0.0116,0.0,118.22,-0.000242,0.0,-2.0168903832051832e-05,-0.0034,-0.0034,-0.0033798310961679,-0.0089,-0.0116,-2.0168903832051832e-05,0.05751173504800233
2014-12-31,-0.0034,-0.0089,-0.0116,0.0,119.8,-0.000242,0.013364912874302,-2.0168903832051832e-05,-0.0034,-0.0034454407037726,-0.0034252717999405,-0.0090189477245812,-0.0117550329893419,-2.0168903832051832e-05,-0.00200657722483355
2014-12-31,-0.0093,0.005,-0.0045,0.0,119.8,0.0,0.0,0.0,-0.0093,-0.0093,-0.0093,0.005,-0.0045,0.0,-0.00200657722483355
2015-01-31,-0.0093,0.005,-0.0045,0.0,117.9,0.0,-0.0158597662771284,0.0,-0.0093,-0.0091525041736227,-0.0091525041736227,0.0049207011686143,-0.0044286310517529,0.0,0.0053711422803284226
2015-01-31,-0.0131,-0.0079,0.0005,0.0,117.9,-1.1e-05,0.0,-9.166712882091588e-07,-0.0131,-0.0131,-0.0130990833287117,-0.0079,0.0005,-9.166712882091588e-07,0.0053711422803284226
2015-02-28,-0.0131,-0.0079,0.0005,0.0,119.29,-1.1e-05,0.0117896522476674,-9.166712882091588e-07,-0.0131,-0.0132544444444444,-0.0132535277731562,-0.0079931382527565,0.0005058948261238,-9.166712882091588e-07,0.07687254582866676
2015-02-28,-0.0036,-0.0022,0.0022,0.0,119.29,-4.2e-05,0.0,-3.500067376815963e-06,-0.0036,-0.0036,-0.0035964999326231,-0.0022,0.0022,-3.500067376815963e-06,0.07687254582866676
2015-03-31,-0.0036,-0.0022,0.0022,0.0,120.21,-4.2e-05,0.0077122977617569,-3.500067376815963e-06,-0.0036,-0.0036277642719423,-0.0036242642045655,-0.0022169670550758,0.0022169670550758,-3.500067376815963e-06,0.012639045886534417
2015-03-31,-0.0075,0.004,0.0039,0.0,120.21,5.2e-05,0.0,4.333230058994886e-06,-0.0075,-0.0075,-0.0075043332300589,0.004,0.0039,4.333230058994886e-06,0.012639045886534417
2015-04-30,-0.0075,0.004,0.0039,0.0,118.91,5.2e-05,-0.0108144081191248,4.333230058994886e-06,-0.0075,-0.0074188919391065,-0.0074232251691655,0.0039567423675235,0.0038578238083354,4.333230058994886e-06,0.03219475875507283
2015-04-30,-0.0111,-0.0106,0.0070999999999999,0.0,118.91,-0.000159,0.0,-1.325096569182449e-05,-0.0111,-0.0111,-0.0110867490343081,-0.0106,0.0070999999999999,-1.325096569182449e-05,0.03219475875507283
2015-05-31,-0.0111,-0.0106,0.0070999999999999,0.0,123.75,-0.000159,0.0407030527289546,-1.325096569182449e-05,-0.0111,-0.0115518038852913,-0.0115385529195995,-0.0110314523589269,0.0073889916743755,-1.325096569182449e-05,0.05076625504209953
2015-05-31,-0.0058,0.0001,0.0005,0.0,123.75,5.999999999999999e-06,0.0,4.999986249476507e-07,-0.0058,-0.0058,-0.0058004999986249,0.0001,0.0005,4.999986249476507e-07,0.05076625504209953
2015-06-30,-0.0058,0.0001,0.0005,0.0,122.25,5.999999999999999e-06,-0.012121212121212,4.999986249476507e-07,-0.0058,-0.0057296969696969,-0.0057301969683219,9.87878787878788e-05,0.0004939393939393,4.999986249476507e-07,-0.025841722802914968
2015-06-30,0.0033,0.0032,-0.0066,0.0,122.25,1.9e-05,0.0,1.5833195452508164e-06,0.0033,0.0033,0.0032984166804547,0.0032,-0.0066,1.5833195452508164e-06,-0.025841722802914968
2015-07-31,0.0033,0.0032,-0.0066,0.0,124.22,1.9e-05,0.0161145194274028,1.5833195452508164e-06,0.0033,0.0033531779141104,0.0033515945945651,0.0032515664621676,-0.0067063558282208,1.5833195452508164e-06,0.017860644431511696
2015-07-31,-0.0015,0.0085,-0.0101,0.0,124.22,-9e-06,0.0,-7.500030937412916e-07,-0.0015,-0.0015,-0.0014992499969062,0.0085,-0.0101,-7.500030937412916e-07,0.017860644431511696
2015-08-31,-0.0015,0.0085,-0.0101,0.0,121.19,-9e-06,-0.0243922073740138,-7.500030937412916e-07,-0.0015,-0.0014634116889389,-0.0014626616858452,0.0082926662373208,-0.0098536387055224,-7.500030937412916e-07,-0.07379842922155166
2015-08-31,-0.0074,0.0077,0.0141999999999999,0.0,121.19,-4e-06,0.0,-3.333339444466788e-07,-0.0074,-0.0074,-0.0073996666660555,0.0077,0.0141999999999999,-3.333339444466788e-07,-0.07379842922155166
2015-09-30,-0.0074,0.0077,0.0141999999999999,0.0,120.03,-4e-06,-0.0095717468437989,-3.333339444466788e-07,-0.0074,-0.0073291690733558,-0.0073288357394114,0.0076262975493027,0.014064081194818,-3.333339444466788e-07,-0.08190365352411155
2015-09-30,0.0187999999999999,-0.0043,-0.0044,0.0,120.03,-0.0002319999999999,0.0,-1.933538941589763e-05,0.0187999999999999,0.0187999999999999,0.0188193353894158,-0.0043,-0.0044,-1.933538941589763e-05,-0.08190365352411155
2015-10-31,0.0187999999999999,-0.0043,-0.0044,0.0,120.74,-0.0002319999999999,0.0059151878696992,-1.933538941589763e-05,0.0187999999999999,0.0189112055319503,0.0189305409213662,-0.0043254353078397,-0.0044260268266266,-1.933538941589763e-05,0.10419790344874835
2015-10-31,-0.0042,0.002,-0.0056999999999999,0.0,120.74,-1.2e-05,0.0,-1.0000055000736197e-06,-0.0042,-0.0042,-0.0041989999944999,0.002,-0.0056999999999999,-1.0000055000736197e-06,0.10419790344874835
2015-11-30,-0.0042,0.002,-0.0056999999999999,0.0,122.83,-1.2e-05,0.0173099221467616,-1.0000055000736197e-06,-0.0042,-0.0042727016730163,-0.0042717016675163,0.0020346198442935,-0.0057986665562365,-1.0000055000736197e-06,0.014150975175902136
2015-11-30,-0.0048,0.0012,0.0067,0.0,122.83,-0.000692,0.0,-5.768496470137663e-05,-0.0048,-0.0048,-0.0047423150352986,0.0012,0.0067,-5.768496470137663e-05,0.014150975175902136
2015-12-31,-0.0048,0.0012,0.0067,0.0,120.42,-0.000692,-0.0196206138565496,-5.768496470137663e-05,-0.0048,-0.0047058210534885,-0.0046481360887871,0.0011764552633721,0.0065685418871611,-5.768496470137663e-05,-0.020851100251147003
2015-12-31,-0.0092,-0.0024,0.0023,0.0,120.42,-0.000347,0.0,-2.8921266641335208e-05,-0.0092,-0.0092,-0.0091710787333586,-0.0024,0.0023,-2.8921266641335208e-05,-0.020851100251147003
2016-01-31,-0.0092,-0.0024,0.0023,0.0,120.63,-0.000347,0.0017438963627303,-2.8921266641335208e-05,-0.0092,-0.0092160438465371,-0.0091871225798957,-0.0024041853512705,0.0023040109616342,-2.8921266641335208e-05,-0.0744717242310785
2016-01-31,0.0256999999999999,0.0048,0.0042,0.0,120.63,-0.000316,0.0,-2.6337148047894665e-05,0.0256999999999999,0.0256999999999999,0.0257263371480478,0.0048,0.0042,-2.6337148047894665e-05,-0.0744717242310785
2016-02-29,0.0256999999999999,0.0048,0.0042,0.0,112.99,-0.000316,-0.0633341623145155,-2.6337148047894665e-05,0.0256999999999999,0.0240723120285169,0.0240986491765648,0.0044959960208903,0.003933996518279,-2.6337148047894665e-05,-0.09372445183346712
2016-02-29,-0.0069,0.0065,0.0025,1e-05,112.99,-0.000973,0.0,-8.111951561584618e-05,-0.00689,-0.00689,-0.0068088804843841,0.0065,0.0025,-8.111951561584618e-05,-0.09372445183346712
2016-03-31,-0.0069,0.0065,0.0025,1e-05,112.43,-0.000973,-0.0049561908133461,-8.111951561584618e-05,-0.00689,-0.006855851845296,-0.0067747323296801,0.0064677847597132,0.0024876095229666,-8.111951561584618e-05,0.03802440691471887
2016-03-31,-0.0011,0.0045,-0.0049,1e-05,112.43,-0.00094,0.0,-7.83671022263066e-05,-0.00109,-0.00109,-0.0010116328977736,0.0045,-0.0049,-7.83671022263066e-05,0.03802440691471887
2016-04-30,-0.0011,0.0045,-0.0049,1e-05,108.4,-0.00094,-0.0358445254825224,-7.83671022263066e-05,-0.00109,-0.001050929467224,-0.0009725623649977,0.0043386996353286,-0.0047243618251356,-7.83671022263066e-05,-0.004936091586082325
2016-04-30,-0.005,-0.0015,0.0036,0.0,108.4,-0.003851,0.0,-0.0003214844955055,-0.005,-0.005,-0.0046785155044944,-0.0015,0.0036,-0.0003214844955055,-0.004936091586082325
2016-05-31,-0.005,-0.0015,0.0036,0.0,111.14,-0.003851,0.0252767527675277,-0.0003214844955055,-0.005,-0.0051263837638376,-0.0048048992683321,-0.0015379151291512,0.003690996309963,-0.0003214844955055,0.02927902619847078
2016-05-31,-0.0001,0.0052,-0.0037,1e-05,111.14,-0.002937,0.0,-0.0002450800836326,-9e-05,-9e-05,0.0001550800836326,0.0052,-0.0037,-0.0002450800836326,0.02927902619847078
2016-06-30,-0.0001,0.0052,-0.0037,1e-05,102.7,-0.002937,-0.0759402555335612,-0.0002450800836326,-9e-05,-8.31653770019795e-05,0.0001619147066306,0.0048051106712254,-0.0034190210545258,-0.0002450800836326,-0.09710110001289884
2016-06-30,0.0141999999999999,0.0034999999999999,0.0042,1e-05,102.7,-0.002798,0.0,-0.0002334662191048,0.0142099999999999,0.0142099999999999,0.0144434662191048,0.0034999999999999,0.0042,-0.0002334662191048,-0.09710110001289884
2016-07-31,0.0141999999999999,0.0034999999999999,0.0042,1e-05,103.63,-0.002798,0.0090555014605646,-0.0002334662191048,0.0142099999999999,0.0143386786757546,0.0145721448948594,0.0035316942551119,0.0042380331061343,-0.0002334662191048,0.06174250474511589
2016-07-31,0.0017,-0.0005,0.0003,1e-05,103.63,-0.002944,0.0,-0.0002456649937602,0.00171,0.00171,0.0019556649937602,-0.0005,0.0003,-0.0002456649937602,0.06174250474511589
2016-08-31,0.0017,-0.0005,0.0003,1e-05,103.28,-0.002944,-0.003377400366689,-0.0002456649937602,0.00171,0.0017042246453729,0.0019498896391331,-0.0004983112998166,0.0002989867798899,-0.0002456649937602,0.0051408809579576165
2016-08-31,-0.0024,-0.0039,0.0015,1e-05,103.28,-0.0025169999999999,0.0,-0.0002099923626718,-0.0023899999999999,-0.0023899999999999,-0.0021800076373281,-0.0039,0.0015,-0.0002099923626718,0.0051408809579576165
2016-09-30,-0.0024,-0.0039,0.0015,1e-05,100.9,-0.0025169999999999,-0.0230441518202942,-0.0002099923626718,-0.0023899999999999,-0.0023349244771494,-0.0021249321144776,-0.0038101278079008,0.0014654337722695,-0.0002099923626718,-0.005084472499520709
2016-09-30,0.0088,0.0038,0.0034999999999999,1e-05,100.9,-0.003788,0.0,-0.0003162160466272,0.00881,0.00881,0.0091262160466272,0.0038,0.0034999999999999,-0.0003162160466272,-0.005084472499520709
2016-10-31,0.0088,0.0038,0.0034999999999999,1e-05,104.92,-0.003788,0.0398414271555995,-0.0003162160466272,0.00881,0.0091610029732408,0.009477219019868,0.0039513974231912,0.0036394449950445,-0.0003162160466272,0.053100280227023955
2016-10-31,0.0002,0.0007,0.0009,1e-05,104.92,-0.003267,0.0,-0.0002726585132649,0.00021,0.00021,0.0004826585132649,0.0007,0.0009,-0.0002726585132649,0.053100280227023955
2016-11-30,0.0002,0.0007,0.0009,1e-05,112.73,-0.003267,0.0744376667937476,-0.0002726585132649,0.00021,0.0002256319100266,0.0004982904232916,0.0007521063667556,0.0009669939001143,-0.0002726585132649,0.054852071835550076
2016-11-30,-0.0025,-0.0038,0.022,1e-05,112.73,-0.003659,0.0,-0.0003054292232187,-0.00249,-0.00249,-0.0021845707767812,-0.0038,0.022,-0.0003054292232187,0.054852071835550076
2016-12-31,-0.0025,-0.0038,0.022,1e-05,117.11,-0.003659,0.0388538986959992,-0.0003054292232187,-0.00249,-0.002586746207753,-0.0022813169845342,-0.0039476448150447,0.0228547857713119,-0.0003054292232187,0.033468712251001564
2016-12-31,-0.0052,-0.0011,0.0021,1e-05,117.11,-0.004196,0.0,-0.0003503409422135,-0.00519,-0.00519,-0.0048396590577864,-0.0011,0.0021,-0.0003503409422135,0.033468712251001564
2017-01-31,-0.0052,-0.0011,0.0021,1e-05,113.53,-0.004196,-0.0305695499957304,-0.0003503409422135,-0.00519,-0.0050313440355221,-0.0046810030933086,-0.0010663734950046,0.0020358039450089,-0.0003503409422135,0.0020150391629629727
2017-01-31,0.0,0.0087,-0.0055,2e-05,113.53,-0.002786,0.0,-0.0002324636529049,2e-05,2e-05,0.0002524636529049,0.0087,-0.0055,-0.0002324636529049,0.0020150391629629727
2017-02-28,0.0,0.0087,-0.0055,2e-05,112.31,-0.002786,-0.0107460583105787,-0.0002324636529049,2e-05,1.9785078833788423e-05,0.0002522487317387,0.0086065092926979,-0.0054408966792918,-0.0002324636529049,0.008970343076715404
2017-02-28,-0.0042,-0.0137,0.0014,2e-05,112.31,-0.002846,0.0,-0.0002374765944993,-0.00418,-0.00418,-0.0039425234055006,-0.0137,0.0014,-0.0002374765944993,0.008970343076715404
2017-03-31,-0.0042,-0.0137,0.0014,2e-05,111.8,-0.002846,-0.0045410025821387,-0.0002374765944993,-0.00418,-0.0041610186092066,-0.0039235420147073,-0.0136377882646247,0.001393642596385,-0.0002374765944993,-0.01479819939683591
2017-03-31,-0.0016,0.0058,-0.0032,1e-05,111.8,-0.001953,0.0,-0.0001628958636271,-0.00159,-0.00159,-0.0014271041363728,0.0058,-0.0032,-0.0001628958636271,-0.01479819939683591
2017-04-30,-0.0016,0.0058,-0.0032,1e-05,111.29,-0.001953,-0.0045617173524149,-0.0001628958636271,-0.00159,-0.0015827468694096,-0.0014198510057824,0.0057735420393559,-0.0031854025044722,-0.0001628958636271,0.012693424270848519
2017-04-30,-0.003,-0.0069999999999999,-0.006,3e-05,111.29,-0.001763,0.0,-0.0001470355153426,-0.00297,-0.00297,-0.0028229644846573,-0.0069999999999999,-0.006,-0.0001470355153426,0.012693424270848519
2017-05-31,-0.003,-0.0069999999999999,-0.006,3e-05,110.96,-0.001763,-0.0029652259861624,-0.0001470355153426,-0.00297,-0.002961193278821,-0.0028141577634784,-0.0069792434180968,-0.005982208644083,-0.0001470355153426,0.023873838048927842
2017-05-31,-0.0002,0.0004,-0.0053,3e-05,110.96,-0.0012929999999999,0.0,-0.0001078139081434,-0.00017,-0.00017,-6.218609185659404e-05,0.0004,-0.0053,-0.0001078139081434,0.023873838048927842
2017-06-30,-0.0002,0.0004,-0.0053,3e-05,112.06,-0.0012929999999999,0.0099134823359769,-0.0001078139081434,-0.00017,-0.0001716852919971,-6.387138385371014e-05,0.0004039653929343,-0.0053525414563806,-0.0001078139081434,0.02775494904416509
2017-06-30,0.0014,-0.0009,-0.003,3e-05,112.06,-0.0009229999999999,0.0,-7.694922482248678e-05,0.00143,0.00143,0.0015069492248224,-0.0009,-0.003,-7.694922482248678e-05,0.02775494904416509
2017-07-31,0.0014,-0.0009,-0.003,3e-05,110.63,-0.0009229999999999,-0.0127610208816706,-7.694922482248678e-05,0.00143,0.0014117517401392,0.0014887009649616,-0.0008885150812064,-0.0029617169373549,-7.694922482248678e-05,0.004162764958043352
2017-07-31,-0.0011,-0.0034999999999999,0.0046,4e-05,110.63,-0.001287,0.0,-0.0001073133161615,-0.00106,-0.00106,-0.0009526866838384,-0.0034999999999999,0.0046,-0.0001073133161615,0.004162764958043352
2017-08-31,-0.0011,-0.0034999999999999,0.0046,4e-05,110.49,-0.001287,-0.0012654795263491,-0.0001073133161615,-0.00106,-0.001058658591702,-0.0009513452755405,-0.0034955708216577,0.0045941787941787,-0.0001073133161615,-0.0007413467004000474
2017-08-31,0.0062,0.0049,-0.0043,4e-05,110.49,-0.002029,0.0,-0.0001692407779219,0.00624,0.00624,0.0064092407779219,0.0049,-0.0043,-0.0001692407779219,-0.0007413467004000474
2017-09-30,0.0062,0.0049,-0.0043,4e-05,112.46,-0.002029,0.0178296678432436,-0.0001692407779219,0.00624,0.0063512571273418,0.0065204979052637,0.0049873653724318,-0.0043766675717259,-0.0001692407779219,0.03545171886447096
2017-09-30,0.0034999999999999,-0.0014,-0.0026,5e-05,112.46,-0.00218,0.0,-0.0001818484351574,0.0035499999999999,0.0035499999999999,0.0037318484351574,-0.0014,-0.0026,-0.0001818484351574,0.03545171886447096
2017-10-31,0.0034999999999999,-0.0014,-0.0026,5e-05,113.09,-0.00218,0.0056019918193135,-0.0001818484351574,0.0035499999999999,0.0035698870709585,0.003751735506116,-0.001407842788547,-0.0026145651787302,-0.0001818484351574,0.05446183665472448
2017-10-31,0.0023,0.0084,-0.0025,4e-05,113.09,-0.001998,0.0,-0.0001666526672899,0.00234,0.00234,0.0025066526672899,0.0084,-0.0025,-0.0001666526672899,0.05446183665472448
2017-11-30,0.0023,0.0084,-0.0025,4e-05,112.29,-0.001998,-0.0070740118489698,-0.0001666526672899,0.00234,0.0023234468122734,0.0024900994795634,0.0083405783004686,-0.0024823149703775,-0.0001666526672899,0.014790819551379286
2017-11-30,0.0083,-0.0056,-0.0052,4e-05,112.29,-0.0016719999999999,0.0,-0.0001394402233105,0.00834,0.00834,0.0084794402233105,-0.0056,-0.0052,-0.0001394402233105,0.014790819551379286
2017-12-31,0.0083,-0.0056,-0.0052,4e-05,112.65,-0.0016719999999999,0.0032059845044081,-0.0001394402233105,0.00834,0.0083667379107667,0.0085061781340773,-0.0056179535132246,-0.0052166711194229,-0.0001394402233105,0.014218172829273623
2017-12-31,-0.0056999999999999,-0.0031,0.0001,4e-05,112.65,-0.001563,0.0,-0.0001303434011257,-0.0056599999999999,-0.0056599999999999,-0.0055296565988742,-0.0031,0.0001,-0.0001303434011257,0.014218172829273623
2018-01-31,-0.0056999999999999,-0.0031,0.0001,4e-05,108.7,-0.001563,-0.0350643586329338,-0.0001303434011257,-0.0056599999999999,-0.0054615357301375,-0.0053311923290118,-0.0029913004882379,9.64935641367066e-05,-0.0001303434011257,0.010536049278375037
2018-01-31,-0.0007,-0.0074,0.0011,5e-05,108.7,-0.001603,0.0,-0.000133681578753,-0.00065,-0.00065,-0.0005163184212469,-0.0074,0.0011,-0.000133681578753,0.010536049278375037
2018-02-28,-0.0007,-0.0074,0.0011,5e-05,107.08,-0.001603,-0.0149034038638454,-0.000133681578753,-0.00065,-0.0006403127874885,-0.0005066312087354,-0.0072897148114075,0.0010836062557497,-0.000133681578753,-0.037278597143435954
2018-02-28,-0.0111,-0.0042,-0.0031,6e-05,107.08,-0.00199,0.0,-0.0001659847797347,-0.01104,-0.01104,-0.0108740152202652,-0.0042,-0.0031,-0.0001659847797347,-0.037278597143435954
2018-03-31,-0.0111,-0.0042,-0.0031,6e-05,106.19,-0.00199,-0.0083115427717593,-0.0001659847797347,-0.01104,-0.0109482405677997,-0.010782255788065,-0.0041650915203586,-0.0030742342174075,-0.0001659847797347,-0.03632990464482155
2018-03-31,0.0141,-0.0031,-0.0022,6e-05,106.19,-0.000265,0.0,-2.2086015992406335e-05,0.0141599999999999,0.0141599999999999,0.0141820860159924,-0.0031,-0.0022,-2.2086015992406335e-05,-0.03632990464482155
2018-04-30,0.0141,-0.0031,-0.0022,6e-05,109.4,-0.000265,0.030228835106884,-2.2086015992406335e-05,0.0141599999999999,0.0145880403051134,0.0146101263211058,-0.0031937093888313,-0.0022665034372351,-2.2086015992406335e-05,0.04297534065067499
2018-04-30,-0.0081,0.0003,-0.0009,7.000000000000001e-05,109.4,-0.001488,0.0,-0.0001240846484833,-0.00803,-0.00803,-0.0079059153515166,0.0003,-0.0009,-0.0001240846484833,0.04297534065067499
2018-05-31,-0.0081,0.0003,-0.0009,7.000000000000001e-05,108.77,-0.001488,-0.0057586837294333,-0.0001240846484833,-0.00803,-0.0079837577696526,-0.0078596731211693,0.0002982723948811,-0.0008948171846435,-0.0001240846484833,-0.016756429738497003
2018-05-31,-0.0069999999999999,0.0007,-0.0043,6e-05,108.77,-0.0015409999999999,0.0,-0.0001285074556849,-0.0069399999999999,-0.0069399999999999,-0.006811492544315,0.0007,-0.0043,-0.0001285074556849,-0.016756429738497003
2018-06-30,-0.0069999999999999,0.0007,-0.0043,6e-05,110.64,-0.0015409999999999,0.0171922405074929,-0.0001285074556849,-0.0069399999999999,-0.007059314149122,-0.006930806693437,0.0007120345683552,-0.0043739266341822,-0.0001285074556849,-0.009476629938575343
2018-06-30,0.0006,-0.002,-0.0024,6e-05,110.64,-0.0014269999999999,0.0,-0.0001189945141037,0.00066,0.00066,0.0007789945141037,-0.002,-0.0024,-0.0001189945141037,-0.009476629938575343
2018-07-31,0.0006,-0.002,-0.0024,6e-05,111.4,-0.0014269999999999,0.0068691250903831,-0.0001189945141037,0.00066,0.0006645336225596,0.0007835281366634,-0.0020137382501807,-0.0024164859002169,-0.0001189945141037,0.012941333201123228
2018-07-31,0.0051,0.0084,-0.0111,8e-05,111.4,-0.001912,0.0,-0.0001594731332472,0.00518,0.00518,0.0053394731332472,0.0084,-0.0111,-0.0001594731332472,0.012941333201123228
2018-08-31,0.0051,0.0084,-0.0111,8e-05,110.81,-0.001912,-0.0052962298025135,-0.0001594731332472,0.00518,0.0051525655296229,0.0053120386628702,0.0083555116696588,-0.0110412118491921,-0.0001594731332472,-0.010232228026661905
2018-08-31,0.0008,0.005,-0.0038,7.000000000000001e-05,110.81,-0.001398,0.0,-0.0001165747141156,0.00087,0.00087,0.0009865747141156,0.005,-0.0038,-0.0001165747141156,-0.010232228026661905
2018-09-30,0.0008,0.005,-0.0038,7.000000000000001e-05,113.44,-0.001398,0.0237343200072195,-0.0001165747141156,0.00087,0.0008906488584062,0.0010072235725219,0.005118671600036,-0.0038901904160274,-0.0001165747141156,0.047195105060239495
2018-09-30,-0.0003,0.004,-0.0019,8e-05,113.44,-0.001364,0.0,-0.0001137377892648,-0.0002199999999999,-0.0002199999999999,-0.0001062622107351,0.004,-0.0019,-0.0001137377892648,0.047195105060239495
2018-10-31,-0.0003,0.004,-0.0019,8e-05,113.2,-0.001364,-0.0021156558533145,-0.0001137377892648,-0.0002199999999999,-0.0002195345557122,-0.0001057967664474,0.0039915373765867,-0.0018959802538787,-0.0001137377892648,-0.09416976468995042
2018-10-31,0.0121,-0.0066,-0.0074,8e-05,113.2,-0.003541,0.0,-0.0002955633275295,0.01218,0.01218,0.0124755633275295,-0.0066,-0.0074,-0.0002955633275295,-0.09416976468995042
2018-11-30,0.0121,-0.0066,-0.0074,8e-05,113.47,-0.003541,0.0023851590106007,-0.0002955633275295,0.01218,0.0122090512367491,0.0125046145642786,-0.0066157420494699,-0.0074176501766784,-0.0002955633275295,0.012957716398535712
2018-11-30,0.0079,-0.0033,-0.0043,8e-05,113.47,-0.001961,0.0,-0.0001635637284855,0.00798,0.00798,0.0081435637284855,-0.0033,-0.0043,-0.0001635637284855,0.012957716398535712
2018-12-31,0.0079,-0.0033,-0.0043,8e-05,110.4,-0.001961,-0.0270556094121793,-0.0001635637284855,0.00798,0.0077640962368908,0.0079276599653763,-0.0032107164889398,-0.0041836608795276,-0.0001635637284855,-0.10396712970588773
2018-12-31,0.009,-0.0009,-0.0045,0.0001,110.4,-0.001497,0.0,-0.0001248356760468,0.0091,0.0091,0.0092248356760468,-0.0009,-0.0045,-0.0001248356760468,-0.10396712970588773
2019-01-31,0.009,-0.0009,-0.0045,0.0001,108.73,-0.001497,-0.0151268115942029,-0.0001248356760468,0.0091,0.0089623460144927,0.0090871816905395,-0.0008863858695652,-0.004431929347826,-0.0001248356760468,0.04912691075718656
2019-01-31,0.0091,0.0013,-0.011,0.0001,108.73,-0.002523,0.0,-0.0002104935204679,0.0092,0.0092,0.0094104935204679,0.0013,-0.011,-0.0002104935204679,0.04912691075718656
2019-02-28,0.0091,0.0013,-0.011,0.0001,110.76,-0.002523,0.0186701002483216,-0.0002104935204679,0.0092,0.0093717649222845,0.0095822584427525,0.0013242711303228,-0.0112053711027315,-0.0002104935204679,0.025626985942861502
2019-02-28,-0.0031,0.0003,-0.0026,0.0001,110.76,-0.001934,0.0,-0.0001613097042558,-0.003,-0.003,-0.0028386902957441,0.0003,-0.0026,-0.0001613097042558,0.025626985942861502
2019-03-31,-0.0031,0.0003,-0.0026,0.0001,110.75,-0.001934,-9.028530155297254e-05,-0.0001613097042558,-0.003,-0.0029997291440953,-0.0028384194398394,0.0002999729144095,-0.0025997652582159,-0.0001613097042558,-0.009964805487886808
2019-03-31,0.0066,-0.0024,-0.0093,8.999999999999999e-05,110.75,-0.001728,0.0,-0.0001441141740678,0.00669,0.00669,0.0068341141740678,-0.0024,-0.0093,-0.0001441141740678,-0.009964805487886808
2019-04-30,0.0066,-0.0024,-0.0093,8.999999999999999e-05,111.68,-0.001728,0.0083972911963883,-0.0001441141740678,0.00669,0.0067461778781038,0.0068902920521717,-0.0024201534988713,-0.0093780948081264,-0.0001441141740678,0.016517578611082495
2019-04-30,-0.0005,-0.0069,0.0027,0.0001,111.68,-0.001769,0.0,-0.0001475363261316,-0.0004,-0.0004,-0.0002524636738683,-0.0069,0.0027,-0.0001475363261316,0.016517578611082495
2019-05-31,-0.0005,-0.0069,0.0027,0.0001,108.78,-0.001769,-0.0259670487106017,-0.0001475363261316,-0.0004,-0.0003896131805157,-0.0002420768543841,-0.0067208273638968,0.0026298889684813,-0.0001475363261316,-0.06529950053881506
2019-05-31,-0.0137,-0.0022,-0.0011,8.999999999999999e-05,108.78,-0.001598,0.0,-0.0001332642998451,-0.01361,-0.01361,-0.0134767357001548,-0.0022,-0.0011,-0.0001332642998451,-0.06529950053881506
2019-06-30,-0.0137,-0.0022,-0.0011,8.999999999999999e-05,107.64,-0.001598,-0.0104798676227247,-0.0001332642998451,-0.01361,-0.0134673690016547,-0.0133341047018095,-0.00217694429123,-0.001088472145615,-0.0001332642998451,0.02569628944292157
2019-06-30,0.0068,0.0063,0.0062,8.999999999999999e-05,107.64,-0.001255,0.0,-0.0001046435388167,0.00689,0.00689,0.0069946435388167,0.0063,0.0062,-0.0001046435388167,0.02569628944292157
2019-07-31,0.0068,0.0063,0.0062,8.999999999999999e-05,108.56,-0.001255,0.0085470085470085,-0.0001046435388167,0.00689,0.0069488888888888,0.0070535324277056,0.0063538461538461,0.0062529914529914,-0.0001046435388167,0.009025619781443783
2019-07-31,-0.011,0.0012,0.0062,8.999999999999999e-05,108.56,-0.001229,0.0,-0.0001024744024603,-0.01091,-0.01091,-0.0108075255975396,0.0012,0.0062,-0.0001024744024603,0.009025619781443783
2019-08-31,-0.011,0.0012,0.0062,8.999999999999999e-05,106.52,-0.001229,-0.0187914517317613,-0.0001024744024603,-0.01091,-0.0107049852616064,-0.0106025108591461,0.0011774502579218,0.006083492999263,-0.0001024744024603,-0.03404170157188324
2019-08-31,0.0003,-0.0038,0.0023,7.000000000000001e-05,106.52,-0.0017,0.0,-0.0001417771686469,0.00037,0.00037,0.0005117771686469,-0.0038,0.0023,-0.0001417771686469,-0.03404170157188324
2019-09-30,0.0003,-0.0038,0.0023,7.000000000000001e-05,107.86,-0.0017,0.0125797972211791,-0.0001417771686469,0.00037,0.0003746545249718,0.0005164316936187,-0.0038478032294404,0.0023289335336087,-0.0001417771686469,0.0502295610786363
2019-09-30,0.005,-0.0017,-0.0048,8.999999999999999e-05,107.86,-0.003765,0.0,-0.0003142927207578,0.00509,0.00509,0.0054042927207578,-0.0017,-0.0048,-0.0003142927207578,0.0502295610786363
2019-10-31,0.005,-0.0017,-0.0048,8.999999999999999e-05,108.61,-0.003765,0.006953458186538,-0.0003142927207578,0.00509,0.0051253931021694,0.0054396858229273,-0.0017118208789171,-0.0048333765992953,-0.0003142927207578,0.049886609460656484
2019-10-31,-0.0038,-0.0026,-0.0043,7.000000000000001e-05,108.61,-0.001977,0.0,-0.0001648994729241,-0.00373,-0.00373,-0.0035651005270758,-0.0026,-0.0043,-0.0001648994729241,0.049886609460656484
2019-11-30,-0.0038,-0.0026,-0.0043,7.000000000000001e-05,109.5,-0.001977,0.0081944572322989,-0.0001648994729241,-0.00373,-0.0037605653254764,-0.0035956658525522,-0.0026213055888039,-0.0043352361660988,-0.0001648994729241,0.019405987604409036
2019-11-30,-0.0042,-0.0004,-0.0031,6e-05,109.5,-0.001749,0.0,-0.0001458669675659,-0.00414,-0.00414,-0.003994133032434,-0.0004,-0.0031,-0.0001458669675659,0.019405987604409036
2019-12-31,-0.0042,-0.0004,-0.0031,6e-05,109.15,-0.001749,-0.0031963470319633,-0.0001458669675659,-0.00414,-0.0041267671232876,-0.0039809001557217,-0.0003987214611872,-0.0030900913242009,-0.0001458669675659,0.012946050389346153
2019-12-31,0.0028,-0.0001,0.0011,7.000000000000001e-05,109.15,-0.001101,0.0,-9.179633193767688e-05,0.00287,0.00287,0.0029617963319376,-0.0001,0.0011,-9.179633193767688e-05,0.012946050389346153
2020-01-31,0.0028,-0.0001,0.0011,7.000000000000001e-05,109.04,-0.001101,-0.0010077874484654,-9.179633193767688e-05,0.00287,0.0028671076500229,0.0029589039819605,-9.989922125515348e-05,0.0010988914338066,-9.179633193767688e-05,-0.021448182982929165
2020-01-31,-0.0174,-0.0044,-0.0034999999999999,6e-05,109.04,-0.001344,0.0,-0.0001120690512992,-0.0173399999999999,-0.0173399999999999,-0.0172279309487007,-0.0044,-0.0034999999999999,-0.0001120690512992,-0.021448182982929165
2020-02-29,-0.0174,-0.0044,-0.0034999999999999,6e-05,108.84,-0.001344,-0.0018341892883345,-0.0001120690512992,-0.0173399999999999,-0.0173081951577402,-0.017196126106441,-0.0043919295671313,-0.0034935803374908,-0.0001120690512992,-0.10304311956896373
2020-02-29,-0.0079,0.003,-0.008,6e-05,108.84,-0.00172,0.0,-0.000143446452102,-0.00784,-0.00784,-0.0076965535478979,0.003,-0.008,-0.000143446452102,-0.10304311956896373
2020-03-31,-0.0079,0.003,-0.008,6e-05,108.42,-0.00172,-0.0038588754134509,-0.000143446452102,-0.00784,-0.0078097464167585,-0.0076662999646564,0.0029884233737596,-0.0079691289966923,-0.000143446452102,-0.07136944700945225
2020-03-31,-0.0144,0.0182,-0.0038,6e-05,108.42,-0.003011,0.0,-0.0002512636097156,-0.01434,-0.01434,-0.0140887363902843,0.0182,-0.0038,-0.0002512636097156,-0.07136944700945225
2020-04-30,-0.0144,0.0182,-0.0038,6e-05,106.6,-0.003011,-0.0167865707434053,-0.0002512636097156,-0.01434,-0.0140992805755395,-0.0138480169658239,0.01789448441247,-0.003736211031175,-0.0002512636097156,0.04346988577398547
2020-04-30,-0.0118,-0.0141,-0.0171,0.0,106.6,-0.001503,0.0,-0.0001253363645365,-0.0118,-0.0118,-0.0116746636354634,-0.0141,-0.0171,-0.0001253363645365,0.04346988577398547
2020-05-31,-0.0118,-0.0141,-0.0171,0.0,107.21,-0.001503,0.0057223264540338,-0.0001253363645365,-0.0118,-0.0118675234521576,-0.011742187087621,-0.0141806848030018,-0.0171978517823639,-0.0001253363645365,0.06805872328745277
2020-05-31,0.006,-0.003,-0.0197999999999999,0.0,107.21,-0.001222,0.0,-0.0001018904130544,0.006,0.006,0.0061018904130544,-0.003,-0.0197999999999999,-0.0001018904130544,0.06805872328745277
2020-06-30,0.006,-0.003,-0.0197999999999999,0.0,107.73,-0.001222,0.0048502938158754,-0.0001018904130544,0.006,0.0060291017628952,0.0061309921759496,-0.0030145508814476,-0.0198960358175543,-0.0001018904130544,-0.0031336690454842886
2020-06-30,0.0158,0.0008,-0.0001,0.0,107.73,-0.001323,0.0,-0.0001103169094056,0.0158,0.0158,0.0159103169094056,0.0008,-0.0001,-0.0001103169094056,-0.0031336690454842886
2020-07-31,0.0158,0.0008,-0.0001,0.0,104.45,-0.001323,-0.0304464865868374,-0.0001103169094056,0.0158,0.0153189455119279,0.0154292624213336,0.0007756428107305,-9.695535134131624e-05,-0.0001103169094056,-0.04023041253793036
2020-07-31,0.0062,-0.0159,-0.0065,0.0,104.45,-0.0008749999999999,0.0,-7.294592564610625e-05,0.0062,0.0062,0.0062729459256461,-0.0159,-0.0065,-7.294592564610625e-05,-0.04023041253793036
2020-08-31,0.0062,-0.0159,-0.0065,0.0,105.83,-0.0008749999999999,0.0132120631881282,-7.294592564610625e-05,0.0062,0.0062819147917663,0.0063548607174125,-0.0161100718046912,-0.0065858784107228,-7.294592564610625e-05,0.0816277357420907
2020-08-31,-0.0004,-0.0042,-0.0174,0.0,105.83,-0.001205,0.0,-0.0001004721686883,-0.0004,-0.0004,-0.0002995278313116,-0.0042,-0.0174,-0.0001004721686883,0.0816277357420907
2020-09-30,-0.0004,-0.0042,-0.0174,0.0,105.62,-0.001205,-0.0019843144665973,-0.0001004721686883,-0.0004,-0.0003992062742133,-0.000298734105525,-0.0041916658792402,-0.0173654729282812,-0.0001004721686883,0.00451738142901581
2020-09-30,0.0079,-0.0073,0.0015,0.0,105.62,-0.001592,0.0,-0.0001327635676844,0.0079,0.0079,0.0080327635676844,-0.0073,0.0015,-0.0001327635676844,0.00451738142901581
2020-10-31,0.0079,-0.0073,0.0015,0.0,104.36,-0.001592,-0.0119295587956826,-0.0001327635676844,0.0079,0.0078057564855141,0.0079385200531985,-0.0072129142207915,0.0014821056618064,-0.0001327635676844,-0.02839761207820901
2020-10-31,-0.0144999999999999,-0.008,0.0185,0.0,104.36,-0.000927,0.0,-7.728284104546734e-05,-0.0144999999999999,-0.0144999999999999,-0.0144227171589545,-0.008,0.0185,-7.728284104546734e-05,-0.02839761207820901
2020-11-30,-0.0144999999999999,-0.008,0.0185,0.0,104.03,-0.000927,-0.0031621310847067,-7.728284104546734e-05,-0.0144999999999999,-0.0144541490992717,-0.0143768662582262,-0.0079747029513223,0.0184415005749329,-7.728284104546734e-05,0.11118011611029366
2020-11-30,-0.0052,-0.0098,-0.0207,0.0,104.03,-0.00073,0.0,-6.085369665065343e-05,-0.0052,-0.0052,-0.0051391463033493,-0.0098,-0.0207,-6.085369665065343e-05,0.11118011611029366
2020-12-31,-0.0052,-0.0098,-0.0207,0.0,103.33,-0.00073,-0.0067288282226281,-6.085369665065343e-05,-0.0052,-0.0051650100932423,-0.0051041563965916,-0.0097340574834182,-0.0205607132557915,-6.085369665065343e-05,0.02835457372391592
2020-12-31,0.004,-0.0086,0.0045,0.0,103.33,-0.001009,0.0,-8.412224345677455e-05,0.004,0.004,0.0040841222434567,-0.0086,0.0045,-8.412224345677455e-05,0.02835457372391592
2021-01-31,0.004,-0.0086,0.0045,0.0,104.55,-0.001009,0.011806832478467,-8.412224345677455e-05,0.004,0.0040472273299138,0.0041313495733706,-0.0087015387593148,0.0045531307461531,-8.412224345677455e-05,0.002271857317593051
2021-01-31,-0.0184,0.0059,0.0059,0.0,104.55,-0.000984,0.0,-8.203700526598912e-05,-0.0184,-0.0184,-0.018317962994734,0.0059,0.0059,-8.203700526598912e-05,0.002271857317593051
2021-02-28,-0.0184,0.0059,0.0059,0.0,106.09,-0.000984,0.0147297943567672,-8.203700526598912e-05,-0.0184,-0.0186710282161645,-0.0185889912108985,0.0059869057867049,0.0059869057867049,-8.203700526598912e-05,0.030799743492942122
2021-02-28,-0.0028,0.0068,-0.0161,0.0,106.09,-0.001022,0.0,-8.52065862204654e-05,-0.0028,-0.0028,-0.0027147934137795,0.0068,-0.0161,-8.52065862204654e-05,0.030799743492942122
2021-03-31,-0.0028,0.0068,-0.0161,0.0,110.74,-0.001022,0.0438307097747194,-8.52065862204654e-05,-0.0028,-0.0029227259873692,-0.0028375194011487,0.007098048826468,-0.0168056744273729,-8.52065862204654e-05,0.0480077716879419
2021-03-31,0.0063,0.0112,-0.0233999999999999,0.0,110.74,-0.001004,0.0,-8.370519199185633e-05,0.0063,0.0063,0.0063837051919918,0.0112,-0.0233999999999999,-8.370519199185633e-05,0.0480077716879419
2021-04-30,0.0063,0.0112,-0.0233999999999999,0.0,108.89,-0.001004,-0.0167057973631929,-8.370519199185633e-05,0.0063,0.0061947534766118,0.0062784586686037,0.0110128950695322,-0.0230090843417012,-8.370519199185633e-05,-0.028536340719357733
2021-04-30,-0.0083,-0.0044,-0.0034,0.0,108.89,-0.001101,0.0,-9.179633193767688e-05,-0.0083,-0.0083,-0.0082082036680623,-0.0044,-0.0034,-9.179633193767688e-05,-0.028536340719357733
2021-05-31,-0.0083,-0.0044,-0.0034,0.0,109.72,-0.001101,0.0076223712002938,-9.179633193767688e-05,-0.0083,-0.0083632656809624,-0.0082714693490247,-0.0044335384332812,-0.0034259160620809,-9.179633193767688e-05,0.025918720196069778
2021-05-31,0.0004,-0.0029,-0.0032,0.0,109.72,-0.001061,0.0,-8.845969212289972e-05,0.0004,0.0004,0.0004884596921228,-0.0029,-0.0032,-8.845969212289972e-05,0.025918720196069778
2021-06-30,0.0004,-0.0029,-0.0032,0.0,110.55,-0.001061,0.0075647101713451,-8.845969212289972e-05,0.0004,0.0004030258840685,0.0004914855761914,-0.0029219376594969,-0.0032242070725483,-8.845969212289972e-05,-0.0019872218058714086
2021-06-30,0.0007,-0.0011,0.0075,0.0,110.55,-0.001034,0.0,-8.620752948307331e-05,0.0007,0.0007,0.000786207529483,-0.0011,0.0075,-8.620752948307331e-05,-0.0019872218058714086
2021-07-31,0.0007,-0.0011,0.0075,0.0,109.53,-0.001034,-0.009226594301221,-8.620752948307331e-05,0.0007,0.0006935413839891,0.0007797489134722,-0.0010898507462686,0.0074308005427408,-8.620752948307331e-05,-0.021861827157547364
2021-07-31,-0.0066,-0.0006,-0.0018,0.0,109.53,-0.001164,0.0,-9.705178801711067e-05,-0.0066,-0.0066,-0.0065029482119828,-0.0006,-0.0018,-9.705178801711067e-05,-0.021861827157547364
2021-08-31,-0.0066,-0.0006,-0.0018,0.0,109.82,-0.001164,0.0026476764356797,-9.705178801711067e-05,-0.0066,-0.0066174746644754,-0.0065204228764583,-0.0006015886058614,-0.0018047658175842,-9.705178801711067e-05,0.03136111920348528
2021-08-31,-0.0013,0.0044,-0.0005,0.0,109.82,-0.001188,0.0,-9.9053946449712e-05,-0.0013,-0.0013,-0.0012009460535502,0.0044,-0.0005,-9.9053946449712e-05,0.03136111920348528
2021-09-30,-0.0013,0.0044,-0.0005,0.0,111.88,-0.001188,0.0187579675833182,-9.9053946449712e-05,-0.0013,-0.0013243853578583,-0.0012253314114086,0.0044825350573666,-0.0005093789837916,-9.9053946449712e-05,0.03542616654134023
2021-09-30,-0.0103,0.0031,-0.0077,0.0,111.88,-0.0014449999999999,0.0,-0.0001204964913248,-0.0103,-0.0103,-0.0101795035086751,0.0031,-0.0077,-0.0001204964913248,0.03542616654134023
2021-10-31,-0.0103,0.0031,-0.0077,0.0,113.61,-0.0014449999999999,0.015462996067215,-0.0001204964913248,-0.0103,-0.0104592688594923,-0.0103387723681674,0.0031479352878083,-0.0078190650697175,-0.0001204964913248,-0.021599270425819217
2021-10-31,0.0021,0.002,-0.0083,0.0,113.61,-0.0011819999999999,0.0,-9.855340270725764e-05,0.0021,0.0021,0.0021985534027072,0.002,-0.0083,-9.855340270725764e-05,-0.021599270425819217
